INJE1,PRODU10,PRODU11,PRODU12,PRODU13,PRODU14,PRODU15,PRODU16,PRODU17,PRODU18,PRODU19,PRODU2,PRODU20,PRODU21,PRODU22,PRODU23,PRODU24,PRODU25,PRODU26,PRODU27,PRODU28,PRODU29,PRODU3,PRODU30,PRODU31,PRODU32,PRODU33,PRODU34,PRODU35,PRODU36,PRODU37,PRODU38,PRODU39,PRODU4,PRODU40,PRODU41,PRODU42,PRODU43,PRODU44,PRODU45,PRODU46,PRODU47,PRODU48,PRODU49,PRODU5,PRODU50,PRODU6,PRODU7,PRODU8,PRODU9,Time
-0.0,1499.9993896484375,1500.003662109375,1499.942626953125,1499.9984130859375,1499.9949951171875,1500.0,1500.0,1483.9656982421875,1500.0,1499.999755859375,1499.999755859375,1499.9932861328125,1499.9998779296875,1499.9635009765625,1499.9998779296875,1499.9857177734375,1500.0,1318.48193359375,-0.0,-0.0,-0.0,1499.9945068359375,-0.0,-0.0,-0.0,-0.0,-0.0,-0.0,-0.0,-0.0,-0.0,-0.0,1499.980712890625,-0.0,-0.0,-0.0,-0.0,-0.0,-0.0,-0.0,-0.0,-0.0,-0.0,1499.9986572265625,-0.0,1499.9993896484375,1499.999755859375,1499.9945068359375,1500.0,2000-01-02 00:00:00.000000
-0.0,1500.0,1500.0,1500.0,1500.0,1500.0,1500.0,1500.0,1500.0,1500.0,1499.9908447265625,1500.0,1500.0,1287.381591796875,1499.9959716796875,1349.5716552734375,1500.0,1500.0,976.986572265625,-0.0,-0.0,-0.0,1500.0,-0.0,-0.0,-0.0,-0.0,-0.0,-0.0,-0.0,-0.0,-0.0,-0.0,1500.0,-0.0,-0.0,-0.0,-0.0,-0.0,-0.0,-0.0,-0.0,-0.0,-0.0,1500.0,-0.0,1500.0,1500.0,1500.0,1500.0,2000-01-05 00:00:00.000000
-0.0,1500.0,1500.0,1500.0,1500.0,1500.0,1500.0,1500.0,1500.0,1500.0,1500.0,1500.0,1500.0,1135.900634765625,1500.0,1024.013916015625,1500.0,1500.0,758.9913940429688,-0.0,-0.0,-0.0,1500.0,-0.0,-0.0,-0.0,-0.0,-0.0,-0.0,-0.0,-0.0,-0.0,-0.0,1500.0,-0.0,-0.0,-0.0,-0.0,-0.0,-0.0,-0.0,-0.0,-0.0,-0.0,1500.0,-0.0,1500.0,1500.0,1500.0,1500.0,2000-01-11 00:00:00.000000
-0.0,1500.0,1500.0,1500.0,1500.0,1500.0,1500.0,1500.0,1499.9993896484375,1500.0,1500.0,1500.0,1500.0,1052.1219482421875,1500.0,913.6928100585938,1500.0,1500.0,636.6403198242188,-0.0,-0.0,-0.0,1500.0,-0.0,-0.0,-0.0,-0.0,-0.0,-0.0,-0.0,-0.0,-0.0,-0.0,1500.0,-0.0,-0.0,-0.0,-0.0,-0.0,-0.0,-0.0,-0.0,-0.0,-0.0,1500.0,-0.0,1500.0,1500.0,1500.0,1500.0,2000-01-21 00:00:00.000000
-0.0,1500.0,1500.0,1499.999267578125,1500.0,1500.0,1499.999755859375,1500.0,1499.99951171875,1500.0,1499.9986572265625,1500.0,1500.0,1012.868896484375,1500.0,851.4884643554688,1499.99951171875,1500.001708984375,590.4479370117188,-0.0,-0.0,-0.0,1500.0,-0.0,-0.0,-0.0,-0.0,-0.0,-0.0,-0.0,-0.0,-0.0,-0.0,1500.0,-0.0,-0.0,-0.0,-0.0,-0.0,-0.0,-0.0,-0.0,-0.0,-0.0,1500.0,-0.0,1499.999755859375,1500.0,1499.9998779296875,1499.9998779296875,2000-01-31 00:00:00.000000
-0.0,1499.999755859375,1500.0,1500.0,1500.0,1499.9998779296875,1500.0,1500.0,1500.0,1500.0,1500.0,1500.0,1500.0,993.3916015625,1500.0,801.5633544921875,1500.0,1500.0,561.1414184570312,-0.0,-0.0,-0.0,1500.0,-0.0,-0.0,-0.0,-0.0,-0.0,-0.0,-0.0,-0.0,-0.0,-0.0,1500.000244140625,-0.0,-0.0,-0.0,-0.0,-0.0,-0.0,-0.0,-0.0,-0.0,-0.0,1499.9998779296875,-0.0,1500.0,1500.0,1500.0,1500.0,2000-02-10 00:00:00.000000
-0.0,1499.9962158203125,1499.9046630859375,1499.8890380859375,1500.0,1499.9559326171875,1499.4285888671875,1499.871337890625,1499.918701171875,1499.9169921875,1499.9798583984375,1499.900634765625,1499.98193359375,981.7849731445312,1499.981201171875,766.53076171875,1499.829345703125,1499.7491455078125,537.5584716796875,-0.0,-0.0,-0.0,1500.0,-0.0,-0.0,-0.0,-0.0,-0.0,-0.0,-0.0,-0.0,-0.0,-0.0,1499.7564697265625,-0.0,-0.0,-0.0,-0.0,-0.0,-0.0,-0.0,-0.0,-0.0,-0.0,1499.8914794921875,-0.0,1499.838134765625,1499.9818115234375,1499.96728515625,1499.986328125,2000-02-20 00:00:00.000000
-0.0,1499.501708984375,1499.7347412109375,1499.3773193359375,1500.0,1499.9158935546875,1499.799560546875,1499.7281494140625,1499.3902587890625,1499.9886474609375,1499.898681640625,1499.97412109375,1499.966064453125,973.6038818359375,1499.9776611328125,741.1152954101562,1499.990478515625,1499.9468994140625,518.0162353515625,-0.0,-0.0,-0.0,1499.3203125,-0.0,-0.0,-0.0,-0.0,-0.0,-0.0,-0.0,-0.0,-0.0,-0.0,1499.923095703125,-0.0,-0.0,-0.0,-0.0,-0.0,-0.0,-0.0,-0.0,-0.0,-0.0,1499.98291015625,-0.0,1499.701171875,1499.9862060546875,1499.9730224609375,1499.9951171875,2000-03-01 00:00:00.000000
-0.0,1499.718994140625,1499.7396240234375,1499.960693359375,1499.983154296875,1499.9569091796875,1499.64013671875,1498.907470703125,1499.909912109375,1499.87255859375,1499.95458984375,1499.8994140625,1499.999755859375,966.426025390625,1480.8963623046875,719.1607666015625,1499.918701171875,1499.99462890625,500.1864318847656,-0.0,-0.0,-0.0,1499.6502685546875,-0.0,-0.0,-0.0,-0.0,-0.0,-0.0,-0.0,-0.0,-0.0,-0.0,1499.92626953125,-0.0,-0.0,-0.0,-0.0,-0.0,-0.0,-0.0,-0.0,-0.0,-0.0,1499.9034423828125,-0.0,1499.960693359375,1500.0,1499.9866943359375,1499.943359375,2000-03-11 00:00:00.000000
-0.0,1499.976806640625,1499.9007568359375,1499.9893798828125,1500.0,1499.8948974609375,1499.973876953125,1499.8961181640625,1499.98193359375,1499.9964599609375,1499.9312744140625,1499.9921875,1499.9832763671875,958.2008666992188,1443.3702392578125,699.8958740234375,1499.97607421875,1499.9847412109375,486.21734619140625,-0.0,-0.0,-0.0,1499.9674072265625,-0.0,-0.0,-0.0,-0.0,-0.0,-0.0,-0.0,-0.0,-0.0,-0.0,1499.9539794921875,-0.0,-0.0,-0.0,-0.0,-0.0,-0.0,-0.0,-0.0,-0.0,-0.0,1499.9239501953125,-0.0,1499.9317626953125,1500.0,1499.9576416015625,1468.95556640625,2000-03-21 00:00:00.000000
-0.0,1499.94921875,1499.9620361328125,1499.997314453125,1499.8985595703125,1499.951904296875,1500.0006103515625,1499.9259033203125,1499.9771728515625,1499.9910888671875,1499.9998779296875,1499.9979248046875,1500.0,948.4829711914062,1411.2816162109375,683.611083984375,1499.997802734375,1499.9642333984375,474.0899658203125,-0.0,-0.0,-0.0,1499.991455078125,-0.0,-0.0,-0.0,-0.0,-0.0,-0.0,-0.0,-0.0,-0.0,-0.0,1499.96142578125,-0.0,-0.0,-0.0,-0.0,-0.0,-0.0,-0.0,-0.0,-0.0,-0.0,1499.9000244140625,-0.0,1499.97998046875,1499.9349365234375,1499.9034423828125,1414.9444580078125,2000-03-31 00:00:00.000000
-0.0,1499.9896240234375,1499.965576171875,1499.9954833984375,1500.0,1499.9637451171875,1500.000732421875,1499.8013916015625,1499.9549560546875,1499.9925537109375,1499.994873046875,1499.97119140625,1500.0,938.9985961914062,1380.9453125,667.5504760742188,1499.9429931640625,1500.0,463.67828369140625,-0.0,-0.0,-0.0,1499.9866943359375,-0.0,-0.0,-0.0,-0.0,-0.0,-0.0,-0.0,-0.0,-0.0,-0.0,1500.0001220703125,-0.0,-0.0,-0.0,-0.0,-0.0,-0.0,-0.0,-0.0,-0.0,-0.0,1500.0008544921875,-0.0,1499.9925537109375,1499.9947509765625,1499.9605712890625,1358.6405029296875,2000-04-10 00:00:00.000000
-0.0,1500.0008544921875,1499.9908447265625,1500.0,1499.99755859375,1499.981201171875,1500.0006103515625,1499.8916015625,1499.93994140625,1499.999755859375,1499.999267578125,1499.9952392578125,1499.9998779296875,930.189208984375,1350.5411376953125,651.6856689453125,1499.999755859375,1499.99658203125,454.5337829589844,-0.0,-0.0,-0.0,1499.9866943359375,-0.0,-0.0,-0.0,-0.0,-0.0,-0.0,-0.0,-0.0,-0.0,-0.0,1500.0008544921875,-0.0,-0.0,-0.0,-0.0,-0.0,-0.0,-0.0,-0.0,-0.0,-0.0,1500.0009765625,-0.0,1499.992431640625,1499.953857421875,1499.9669189453125,1315.68994140625,2000-04-20 00:00:00.000000
-0.0,1500.0006103515625,1499.9974365234375,1500.000244140625,1499.9947509765625,1499.99365234375,1499.9996337890625,1499.70751953125,1499.9327392578125,1499.9989013671875,1500.00048828125,1499.9989013671875,1499.9996337890625,921.7601318359375,1319.8634033203125,636.8959350585938,1499.9947509765625,1499.9996337890625,446.2510986328125,-0.0,-0.0,-0.0,1499.994140625,-0.0,-0.0,-0.0,-0.0,-0.0,-0.0,-0.0,-0.0,-0.0,-0.0,1500.0001220703125,-0.0,-0.0,-0.0,-0.0,-0.0,-0.0,-0.0,-0.0,-0.0,-0.0,1500.000732421875,-0.0,1499.9962158203125,1499.9263916015625,1499.997802734375,1282.1075439453125,2000-04-30 00:00:00.000000
-0.0,1499.9993896484375,1500.00048828125,1500.000244140625,1499.989990234375,1499.9984130859375,1499.9993896484375,1499.92578125,1499.9530029296875,1500.0001220703125,1499.9981689453125,1499.9990234375,1499.9986572265625,913.3549194335938,1289.474365234375,622.6396484375,1499.9979248046875,1499.999755859375,438.3221740722656,-0.0,-0.0,-0.0,1500.000732421875,-0.0,-0.0,-0.0,-0.0,-0.0,-0.0,-0.0,-0.0,-0.0,-0.0,1499.9996337890625,-0.0,-0.0,-0.0,-0.0,-0.0,-0.0,-0.0,-0.0,-0.0,-0.0,1500.0008544921875,-0.0,1500.0001220703125,1499.9781494140625,1499.991455078125,1249.301025390625,2000-05-10 00:00:00.000000
-0.0,1500.0008544921875,1500.0009765625,1499.9998779296875,1499.9803466796875,1499.994140625,1499.9998779296875,1499.8480224609375,1499.891357421875,1500.0001220703125,1500.00048828125,1499.99853515625,1499.9998779296875,904.7683715820312,1259.775390625,608.2777099609375,1499.9989013671875,1500.0,430.7784729003906,-0.0,-0.0,-0.0,1500.0009765625,-0.0,-0.0,-0.0,-0.0,-0.0,-0.0,-0.0,-0.0,-0.0,-0.0,1500.0001220703125,-0.0,-0.0,-0.0,-0.0,-0.0,-0.0,-0.0,-0.0,-0.0,-0.0,1500.0008544921875,-0.0,1499.997802734375,1499.987060546875,1499.999267578125,1216.94921875,2000-05-20 00:00:00.000000
-0.0,1499.9998779296875,1500.0009765625,1499.9998779296875,1499.9993896484375,1499.9930419921875,1500.0001220703125,1499.8587646484375,1499.908447265625,1500.0001220703125,1500.00048828125,1500.0001220703125,1500.0,895.7478637695312,1230.77490234375,593.6127319335938,1499.9976806640625,1499.9993896484375,423.70440673828125,-0.0,-0.0,-0.0,1499.999755859375,-0.0,-0.0,-0.0,-0.0,-0.0,-0.0,-0.0,-0.0,-0.0,-0.0,1499.9993896484375,-0.0,-0.0,-0.0,-0.0,-0.0,-0.0,-0.0,-0.0,-0.0,-0.0,1499.9993896484375,-0.0,1500.0008544921875,1499.981689453125,1500.0,1183.79248046875,2000-05-30 00:00:00.000000
-0.0,1500.0001220703125,1500.0015869140625,1499.9996337890625,1499.994384765625,1499.99267578125,1499.999755859375,1469.06103515625,1499.8724365234375,1499.999755859375,1500.00048828125,1500.0,1499.9990234375,886.4647827148438,1202.2862548828125,578.935302734375,1499.9979248046875,1500.0,416.9097595214844,-0.0,-0.0,-0.0,1500.0001220703125,-0.0,-0.0,-0.0,-0.0,-0.0,-0.0,-0.0,-0.0,-0.0,-0.0,1500.0,-0.0,-0.0,-0.0,-0.0,-0.0,-0.0,-0.0,-0.0,-0.0,-0.0,1500.000244140625,-0.0,1500.000732421875,1499.995849609375,1500.00048828125,1148.48486328125,2000-06-09 00:00:00.000000
-0.0,1499.9998779296875,1500.0015869140625,1500.0,1499.99951171875,1499.9993896484375,1499.9998779296875,1407.0009765625,1499.9561767578125,1499.9996337890625,1499.9998779296875,1500.0001220703125,1500.0,876.9050903320312,1173.87939453125,564.8284912109375,1500.000244140625,1500.0,410.3230285644531,-0.0,-0.0,-0.0,1499.999755859375,-0.0,-0.0,-0.0,-0.0,-0.0,-0.0,-0.0,-0.0,-0.0,-0.0,1500.0001220703125,-0.0,-0.0,-0.0,-0.0,-0.0,-0.0,-0.0,-0.0,-0.0,-0.0,1500.0003662109375,-0.0,1500.0008544921875,1499.99169921875,1500.0001220703125,1112.4930419921875,2000-06-19 00:00:00.000000
-0.0,1499.9998779296875,1500.0013427734375,1483.6849365234375,1499.9737548828125,1499.9990234375,1499.998779296875,1344.388427734375,1499.95068359375,1499.999755859375,1500.000244140625,1500.0001220703125,1499.9981689453125,866.9530639648438,1145.5274658203125,553.0884399414062,1500.000244140625,1500.0,403.7954406738281,-0.0,-0.0,-0.0,1500.00048828125,-0.0,-0.0,-0.0,-0.0,-0.0,-0.0,-0.0,-0.0,-0.0,-0.0,1500.0003662109375,-0.0,-0.0,-0.0,-0.0,-0.0,-0.0,-0.0,-0.0,-0.0,-0.0,1500.00048828125,-0.0,1500.0009765625,1500.0001220703125,1500.000244140625,1074.4012451171875,2000-06-29 00:00:00.000000
-0.0,1499.9998779296875,1499.9998779296875,1441.5595703125,1499.99853515625,1499.999755859375,1500.0001220703125,1283.02099609375,1499.96923828125,1500.0001220703125,1500.0001220703125,1499.9998779296875,1499.9991455078125,856.3091430664062,1117.48974609375,543.0260009765625,1500.0003662109375,1500.0,397.2841491699219,-0.0,-0.0,-0.0,1499.999755859375,-0.0,-0.0,-0.0,-0.0,-0.0,-0.0,-0.0,-0.0,-0.0,-0.0,1500.0003662109375,-0.0,-0.0,-0.0,-0.0,-0.0,-0.0,-0.0,-0.0,-0.0,-0.0,1500.000244140625,-0.0,1500.0013427734375,1499.9990234375,1499.999755859375,1039.50341796875,2000-07-09 00:00:00.000000
-0.0,1500.0001220703125,1499.9986572265625,1402.0296630859375,1499.99560546875,1499.9993896484375,1500.0,1222.8707275390625,1499.8634033203125,1499.9998779296875,1500.0,1500.0003662109375,1499.999755859375,844.912841796875,1089.811767578125,533.4957885742188,1500.000244140625,1500.0,390.798828125,-0.0,-0.0,-0.0,1500.0003662109375,-0.0,-0.0,-0.0,-0.0,-0.0,-0.0,-0.0,-0.0,-0.0,-0.0,1499.9998779296875,-0.0,-0.0,-0.0,-0.0,-0.0,-0.0,-0.0,-0.0,-0.0,-0.0,1500.0,-0.0,1500.0009765625,1499.9998779296875,1499.999755859375,1009.0914306640625,2000-07-19 00:00:00.000000
-0.0,1500.0001220703125,1500.00048828125,1363.648681640625,1499.9996337890625,1499.997802734375,1500.0,1163.186279296875,1499.88427734375,1500.0,1499.9998779296875,1500.000244140625,1499.99951171875,832.7368774414062,1062.781494140625,524.1088256835938,1500.0001220703125,1500.0,384.37017822265625,-0.0,-0.0,-0.0,1500.0,-0.0,-0.0,-0.0,-0.0,-0.0,-0.0,-0.0,-0.0,-0.0,-0.0,1500.0,-0.0,-0.0,-0.0,-0.0,-0.0,-0.0,-0.0,-0.0,-0.0,-0.0,1500.0,-0.0,1499.998046875,1500.0001220703125,1500.0003662109375,981.136474609375,2000-07-29 00:00:00.000000
-0.0,1500.0001220703125,1499.9945068359375,1326.0330810546875,1500.0001220703125,1499.9976806640625,1500.0,1105.3311767578125,1499.87939453125,1500.0,1499.9998779296875,1500.000244140625,1500.0,820.0928344726562,1036.4722900390625,514.927001953125,1499.9998779296875,1500.0,378.8908386230469,-0.0,-0.0,-0.0,1500.0001220703125,-0.0,-0.0,-0.0,-0.0,-0.0,-0.0,-0.0,-0.0,-0.0,-0.0,1499.999755859375,-0.0,-0.0,-0.0,-0.0,-0.0,-0.0,-0.0,-0.0,-0.0,-0.0,1500.0,-0.0,1499.996826171875,1500.0001220703125,1500.0003662109375,953.0747680664062,2000-08-08 00:00:00.000000
-0.0,1499.9998779296875,1499.99462890625,1289.1856689453125,1500.0,1499.9998779296875,1500.0,1049.26220703125,1499.9423828125,1500.0,1499.99755859375,1500.000244140625,1499.9998779296875,807.2974853515625,1010.7813110351562,505.4884948730469,1500.0001220703125,1499.9998779296875,374.4145202636719,-0.0,-0.0,-0.0,1499.9998779296875,-0.0,-0.0,-0.0,-0.0,-0.0,-0.0,-0.0,-0.0,-0.0,-0.0,1499.9998779296875,-0.0,-0.0,-0.0,-0.0,-0.0,-0.0,-0.0,-0.0,-0.0,-0.0,1500.0001220703125,-0.0,1500.0008544921875,1499.999755859375,1499.99951171875,924.076416015625,2000-08-18 00:00:00.000000
-0.0,1499.9998779296875,1500.000244140625,1253.054443359375,1500.0001220703125,1500.0,1500.0,994.794189453125,1499.98583984375,1499.9998779296875,1499.999755859375,1500.00048828125,1499.9991455078125,794.4264526367188,985.66748046875,495.3567199707031,1500.0,1500.0,371.0252685546875,-0.0,-0.0,-0.0,1500.0003662109375,-0.0,-0.0,-0.0,-0.0,-0.0,-0.0,-0.0,-0.0,-0.0,-0.0,1500.0,-0.0,-0.0,-0.0,-0.0,-0.0,-0.0,-0.0,-0.0,-0.0,-0.0,1500.0001220703125,-0.0,1500.00048828125,1500.0001220703125,1500.0003662109375,895.9806518554688,2000-08-28 00:00:00.000000
-0.0,1500.0001220703125,1463.7413330078125,1217.6795654296875,1500.0001220703125,1500.000244140625,1499.9998779296875,941.6697387695312,1499.983154296875,1499.999755859375,1499.999267578125,1500.0003662109375,1500.0,781.7679443359375,961.010986328125,485.21978759765625,1499.9998779296875,1500.0,368.1329650878906,-0.0,-0.0,-0.0,1500.000244140625,-0.0,-0.0,-0.0,-0.0,-0.0,-0.0,-0.0,-0.0,-0.0,-0.0,1500.000244140625,-0.0,-0.0,-0.0,-0.0,-0.0,-0.0,-0.0,-0.0,-0.0,-0.0,1500.000244140625,-0.0,1499.9984130859375,1500.000244140625,1500.00048828125,870.5183715820312,2000-09-07 00:00:00.000000
-0.0,1499.99951171875,1398.693603515625,1183.153564453125,1500.0001220703125,1500.000244140625,1500.0,891.7012939453125,1499.97607421875,1499.999755859375,1499.9993896484375,1500.0001220703125,1500.0,769.0581665039062,936.591552734375,475.5277404785156,1499.999755859375,1500.0,365.2867431640625,-0.0,-0.0,-0.0,1500.0003662109375,-0.0,-0.0,-0.0,-0.0,-0.0,-0.0,-0.0,-0.0,-0.0,-0.0,1499.9984130859375,-0.0,-0.0,-0.0,-0.0,-0.0,-0.0,-0.0,-0.0,-0.0,-0.0,1500.0001220703125,-0.0,1486.779052734375,1500.000244140625,1500.0001220703125,846.4843139648438,2000-09-17 00:00:00.000000
-0.0,1500.0,1339.442138671875,1149.51806640625,1500.0001220703125,1499.9974365234375,1500.0,844.7257080078125,1499.978515625,1499.9998779296875,1500.0,1499.9984130859375,1500.0,756.3897705078125,912.4010620117188,466.10894775390625,1500.0,1500.0,362.32952880859375,-0.0,-0.0,-0.0,1500.0001220703125,-0.0,-0.0,-0.0,-0.0,-0.0,-0.0,-0.0,-0.0,-0.0,-0.0,1499.9998779296875,-0.0,-0.0,-0.0,-0.0,-0.0,-0.0,-0.0,-0.0,-0.0,-0.0,1500.0,-0.0,1411.4091796875,1500.000244140625,1500.00048828125,822.7753295898438,2000-09-27 00:00:00.000000
-0.0,1500.0,1284.6690673828125,1116.8447265625,1500.0,1499.999755859375,1500.0,800.493408203125,1499.9969482421875,1499.9998779296875,1500.0,1500.0001220703125,1500.0,743.7739868164062,888.4785766601562,456.3434143066406,1500.0001220703125,1500.0,359.3876953125,-0.0,-0.0,-0.0,1500.000244140625,-0.0,-0.0,-0.0,-0.0,-0.0,-0.0,-0.0,-0.0,-0.0,-0.0,1499.9998779296875,-0.0,-0.0,-0.0,-0.0,-0.0,-0.0,-0.0,-0.0,-0.0,-0.0,1500.0001220703125,-0.0,1341.209228515625,1500.000244140625,1500.00048828125,799.1509399414062,2000-10-07 00:00:00.000000
-0.0,1499.999755859375,1234.5218505859375,1085.1475830078125,1500.0001220703125,1500.0,1500.0,759.2697143554688,1499.9940185546875,1499.999755859375,1499.9998779296875,1500.000244140625,1500.0,731.2305297851562,865.5514526367188,445.63970947265625,1499.9998779296875,1500.0,356.380859375,-0.0,-0.0,-0.0,1500.0003662109375,-0.0,-0.0,-0.0,-0.0,-0.0,-0.0,-0.0,-0.0,-0.0,-0.0,1499.9998779296875,-0.0,-0.0,-0.0,-0.0,-0.0,-0.0,-0.0,-0.0,-0.0,-0.0,1500.0001220703125,-0.0,1274.9755859375,1500.000244140625,1500.00048828125,776.5048217773438,2000-10-17 00:00:00.000000
-0.0,1500.0001220703125,1187.4913330078125,1054.4156494140625,1500.0001220703125,1499.9990234375,1499.99951171875,720.7827758789062,1499.999267578125,1500.0,1499.9993896484375,1499.99951171875,1500.0,718.4286499023438,843.1331787109375,434.9993591308594,1499.9990234375,1500.0,353.3186340332031,-0.0,-0.0,-0.0,1500.000244140625,-0.0,-0.0,-0.0,-0.0,-0.0,-0.0,-0.0,-0.0,-0.0,-0.0,1499.9998779296875,-0.0,-0.0,-0.0,-0.0,-0.0,-0.0,-0.0,-0.0,-0.0,-0.0,1500.0001220703125,-0.0,1214.5216064453125,1500.000244140625,1500.00048828125,755.461669921875,2000-10-27 00:00:00.000000
-0.0,1500.0,1142.809326171875,1024.988525390625,1500.000244140625,1500.0,1500.0,693.0386962890625,1499.996337890625,1500.0,1499.9976806640625,1500.000244140625,1500.0,705.408935546875,821.0394287109375,424.8075256347656,1499.9984130859375,1500.0,350.1546630859375,-0.0,-0.0,-0.0,1500.000244140625,-0.0,-0.0,-0.0,-0.0,-0.0,-0.0,-0.0,-0.0,-0.0,-0.0,1499.9864501953125,-0.0,-0.0,-0.0,-0.0,-0.0,-0.0,-0.0,-0.0,-0.0,-0.0,1499.97998046875,-0.0,1158.7998046875,1500.0003662109375,1500.0001220703125,735.9652099609375,2000-11-06 00:00:00.000000
-0.0,1500.0,1099.8204345703125,996.9457397460938,1500.000244140625,1499.9991455078125,1500.0,666.9345703125,1500.0001220703125,1499.9998779296875,1499.9984130859375,1499.999755859375,1500.0,692.2861328125,799.22705078125,414.8229064941406,1499.9990234375,1500.0,346.8694763183594,-0.0,-0.0,-0.0,1500.0001220703125,-0.0,-0.0,-0.0,-0.0,-0.0,-0.0,-0.0,-0.0,-0.0,-0.0,1499.9996337890625,-0.0,-0.0,-0.0,-0.0,-0.0,-0.0,-0.0,-0.0,-0.0,-0.0,1499.998779296875,-0.0,1106.5035400390625,1500.0003662109375,1500.0003662109375,717.7257080078125,2000-11-16 00:00:00.000000
-0.0,1499.9996337890625,1057.97509765625,969.6300659179688,1500.0003662109375,1499.9998779296875,1500.0,642.1470947265625,1499.9991455078125,1499.9998779296875,1499.9998779296875,1500.0001220703125,1500.0,679.3285522460938,777.40380859375,404.6925048828125,1499.9979248046875,1500.0,343.4671630859375,-0.0,-0.0,-0.0,1500.0001220703125,-0.0,-0.0,-0.0,-0.0,-0.0,-0.0,-0.0,-0.0,-0.0,-0.0,1500.0,-0.0,-0.0,-0.0,-0.0,-0.0,-0.0,-0.0,-0.0,-0.0,-0.0,1499.994873046875,-0.0,1057.0040283203125,1500.0003662109375,1500.0001220703125,700.0399169921875,2000-11-26 00:00:00.000000
-0.0,1499.9971923828125,1017.495849609375,942.6422119140625,1500.000244140625,1500.0,1500.0,620.8610229492188,1499.99560546875,1500.0,1500.0,1500.000244140625,1500.0,667.1236572265625,755.5484619140625,394.0642395019531,1499.9990234375,1500.0,339.9498596191406,-0.0,-0.0,-0.0,1499.99755859375,-0.0,-0.0,-0.0,-0.0,-0.0,-0.0,-0.0,-0.0,-0.0,-0.0,1499.99951171875,-0.0,-0.0,-0.0,-0.0,-0.0,-0.0,-0.0,-0.0,-0.0,-0.0,1500.0001220703125,-0.0,1008.9076538085938,1500.0003662109375,1500.000244140625,682.6851806640625,2000-12-06 00:00:00.000000
-0.0,1499.9979248046875,977.6461791992188,915.9454956054688,1500.0003662109375,1500.000244140625,1500.0,600.8701782226562,1499.9989013671875,1499.9998779296875,1499.9998779296875,1500.0001220703125,1500.0,654.854248046875,733.8278198242188,383.7387390136719,1499.9986572265625,1500.0,336.3200988769531,-0.0,-0.0,-0.0,1499.979248046875,-0.0,-0.0,-0.0,-0.0,-0.0,-0.0,-0.0,-0.0,-0.0,-0.0,1499.9959716796875,-0.0,-0.0,-0.0,-0.0,-0.0,-0.0,-0.0,-0.0,-0.0,-0.0,1499.9910888671875,-0.0,962.5296020507812,1500.000244140625,1500.000244140625,665.6234130859375,2000-12-16 00:00:00.000000
-0.0,1500.0001220703125,938.2493896484375,889.6891479492188,1500.0003662109375,1500.0001220703125,1499.9998779296875,581.5595092773438,1499.995361328125,1499.9986572265625,1463.7156982421875,1499.999755859375,1500.0,642.567138671875,712.3170166015625,373.9408264160156,1499.999755859375,1500.0,332.5826416015625,-0.0,-0.0,-0.0,1499.9969482421875,-0.0,-0.0,-0.0,-0.0,-0.0,-0.0,-0.0,-0.0,-0.0,-0.0,1500.0,-0.0,-0.0,-0.0,-0.0,-0.0,-0.0,-0.0,-0.0,-0.0,-0.0,1500.0,-0.0,918.436767578125,1500.0003662109375,1500.000244140625,649.6074829101562,2000-12-26 00:00:00.000000
-0.0,1500.0,887.322265625,839.6209716796875,1500.0,1500.0,1500.0,515.6726684570312,1500.0,1500.0,1400.07470703125,1500.0,1500.0,617.6490478515625,691.0752563476562,364.1475830078125,1500.0,1500.0,328.30096435546875,1499.998291015625,1500.0,1363.8197021484375,1500.0,448.84112548828125,350.48358154296875,1500.0,1500.0,1500.0,1151.9698486328125,1499.9986572265625,1284.9510498046875,1499.992919921875,136.99427795410156,1500.0,1500.0,-0.0,-0.0,-0.0,-0.0,-0.0,-0.0,-0.0,-0.0,-0.0,1500.0,-0.0,665.4349975585938,1500.0,1500.0,631.0159912109375,2001-01-05 00:00:00.000000
-0.0,1500.0,831.7286987304688,801.0665283203125,1500.0,1499.9998779296875,1500.0,481.4418029785156,1463.7259521484375,1500.0,1340.3929443359375,1500.0,1260.6741943359375,590.79052734375,670.04443359375,357.7861022949219,1499.9998779296875,1500.0,323.5322570800781,1500.00146484375,1499.99951171875,1153.63623046875,1500.0,444.51043701171875,356.5230407714844,1499.999755859375,1477.304931640625,1499.991943359375,1084.37939453125,1499.995361328125,1086.1805419921875,1498.9862060546875,116.63047790527344,1500.0,1500.0001220703125,-0.0,-0.0,-0.0,-0.0,-0.0,-0.0,-0.0,-0.0,-0.0,1500.0,-0.0,566.5276489257812,1500.0,1500.0,610.762451171875,2001-01-15 00:00:00.000000
-0.0,1500.0,777.0604248046875,771.0541381835938,1500.0,1499.999755859375,1500.0,461.5704345703125,1431.05224609375,1500.0,1283.1561279296875,1429.403076171875,1111.1302490234375,565.0835571289062,648.7210083007812,350.9305114746094,1499.999755859375,1500.0,318.7931213378906,1499.99951171875,1499.9991455078125,1059.44287109375,1500.0,426.71063232421875,348.6026611328125,1499.91845703125,1394.9405517578125,1500.0,978.4552001953125,1499.9998779296875,1003.604248046875,1500.018798828125,105.9507827758789,1499.9998779296875,1500.0,-0.0,-0.0,-0.0,-0.0,-0.0,-0.0,-0.0,-0.0,-0.0,1500.0,-0.0,515.1461791992188,1500.0,1500.0,588.1080322265625,2001-01-25 00:00:00.000000
-0.0,1500.0,725.7841186523438,744.6039428710938,1500.0,1500.0,1500.0,446.8289794921875,1402.0994873046875,1500.0,1227.6524658203125,1352.3912353515625,1006.41455078125,541.2691650390625,627.756591796875,343.8487548828125,1500.0,1500.0,314.1180114746094,1500.0,1500.0,1000.7705078125,1480.46533203125,411.02252197265625,341.1126708984375,1499.878173828125,1329.353759765625,1500.0,892.2820434570312,1500.0,953.2696533203125,1499.9691162109375,97.50263214111328,1500.0,1500.0,-0.0,-0.0,-0.0,-0.0,-0.0,-0.0,-0.0,-0.0,-0.0,1500.0,-0.0,476.3476257324219,1500.0,1500.0,567.8048706054688,2001-02-04 00:00:00.000000
-0.0,1500.0,679.1587524414062,719.7010498046875,1500.0,1500.0,1500.0,434.1264953613281,1373.157470703125,1500.0,1173.257080078125,1287.940185546875,928.58837890625,519.5504760742188,606.7979736328125,336.6842346191406,1500.0,1500.0,309.1182556152344,1500.0,1418.6474609375,957.7210083007812,1415.0198974609375,395.435791015625,332.0731201171875,1499.9810791015625,1271.8831787109375,1499.9998779296875,816.4291381835938,1500.0,907.0125122070312,1499.739013671875,91.11119079589844,1500.0,1500.0,-0.0,-0.0,-0.0,-0.0,-0.0,-0.0,-0.0,-0.0,-0.0,1465.7005615234375,-0.0,442.86676025390625,1500.0,1500.0,547.6011962890625,2001-02-14 00:00:00.000000
-0.0,1500.0,638.388916015625,695.3782348632812,1500.0,1500.0,1500.0,422.4060363769531,1343.4847412109375,1500.0,1119.7977294921875,1231.1861572265625,867.7577514648438,499.7772216796875,586.21435546875,329.47125244140625,1500.0,1500.0,304.3417053222656,1500.0,1349.7459716796875,923.3734130859375,1354.51220703125,379.97027587890625,321.9261779785156,1499.7532958984375,1219.262451171875,1500.0,750.3529663085938,1500.0,865.6724243164062,1499.924072265625,86.1372299194336,1500.0,1500.0,-0.0,-0.0,-0.0,-0.0,-0.0,-0.0,-0.0,-0.0,-0.0,1371.1834716796875,-0.0,412.9803771972656,1500.0,1500.0,527.394775390625,2001-02-24 00:00:00.000000
-0.0,1500.0,601.4424438476562,671.2936401367188,1500.0,1500.0,1500.0,411.2813415527344,1313.237060546875,1500.0,1067.9393310546875,1180.2071533203125,814.0540161132812,481.62005615234375,566.1329956054688,322.35870361328125,1500.0,1470.3212890625,299.8126220703125,1500.0,1298.9290771484375,893.439208984375,1297.5230712890625,364.72113037109375,311.1253967285156,1499.9971923828125,1170.25341796875,1500.0,692.3377685546875,1500.0,829.3001098632812,1499.920654296875,82.14325714111328,1500.0,1500.0,-0.0,-0.0,-0.0,-0.0,-0.0,-0.0,-0.0,-0.0,-0.0,1290.1961669921875,-0.0,386.20379638671875,1500.0,1500.0,507.388427734375,2001-03-06 00:00:00.000000
-0.0,1500.0,567.3627319335938,647.37255859375,1500.0,1500.0,1500.0,400.580322265625,1283.069580078125,1500.0,1017.3794555664062,1133.504638671875,764.2667236328125,464.79583740234375,546.57763671875,315.88104248046875,1500.0,1426.468505859375,295.3824768066406,1499.9998779296875,1256.05322265625,866.2980346679688,1243.519287109375,349.7307434082031,299.9883728027344,1499.9617919921875,1123.172119140625,1500.0,640.6466064453125,1500.0,795.5678100585938,1499.9921875,78.92950439453125,1500.0,1500.0,-0.0,-0.0,-0.0,-0.0,-0.0,-0.0,-0.0,-0.0,-0.0,1217.400634765625,-0.0,361.7724609375,1500.0,1500.0,487.76715087890625,2001-03-16 00:00:00.000000
-0.0,1500.0,535.344970703125,623.1857299804688,1500.001220703125,1499.9920654296875,1499.998779296875,390.2452087402344,1253.4722900390625,1500.000244140625,967.583251953125,1089.6099853515625,717.8614501953125,449.0155334472656,527.53564453125,309.6678771972656,1499.9967041015625,1385.946044921875,291.0113220214844,1499.9931640625,1217.079833984375,840.986572265625,1192.1865234375,335.0944519042969,288.73681640625,1499.87548828125,1077.983154296875,1500.00048828125,594.30712890625,1499.977783203125,763.8330688476562,1499.979248046875,76.3118896484375,1500.0,1500.0059814453125,-0.0,-0.0,-0.0,-0.0,-0.0,-0.0,-0.0,-0.0,-0.0,1150.6258544921875,-0.0,339.1383972167969,1500.000244140625,1500.00048828125,468.6091613769531,2001-03-26 00:00:00.000000
-0.0,1500.0,505.2264099121094,598.8750610351562,1500.0,1499.9998779296875,1500.0,380.2770690917969,1224.655029296875,1500.0,918.8378295898438,1048.1783447265625,673.2404174804688,433.9125061035156,508.211669921875,303.7403259277344,1500.0,1347.0113525390625,286.5759582519531,1499.9996337890625,1179.7906494140625,816.71728515625,1143.281494140625,320.8732604980469,277.5174255371094,1499.9891357421875,1034.5487060546875,1500.0,554.6937255859375,1499.99853515625,733.6683959960938,1500.0,74.00470733642578,1466.68798828125,1500.0,-0.0,-0.0,-0.0,-0.0,-0.0,-0.0,-0.0,-0.0,-0.0,1091.906494140625,-0.0,318.8678894042969,1500.0,1500.0,450.05169677734375,2001-04-05 00:00:00.000000
-0.0,1500.0,476.9566650390625,574.8050537109375,1499.9891357421875,1499.982177734375,1500.000244140625,370.606689453125,1196.53076171875,1499.9998779296875,870.8973388671875,1008.9519653320312,629.7901611328125,419.3216552734375,487.5848693847656,298.1889343261719,1499.9976806640625,1308.802978515625,282.0550537109375,1499.99560546875,1142.74658203125,792.9995727539062,1096.5233154296875,307.0312194824219,266.44293212890625,1500.0008544921875,992.090087890625,1500.0006103515625,523.281494140625,1500.0001220703125,704.9828491210938,1499.9775390625,71.84529113769531,1390.339111328125,1499.8487548828125,-0.0,-0.0,-0.0,-0.0,-0.0,-0.0,-0.0,-0.0,-0.0,1043.2529296875,-0.0,301.6125793457031,1499.998046875,1499.99951171875,432.2045593261719,2001-04-15 00:00:00.000000
-0.0,1500.0,450.206787109375,551.0765991210938,1500.0,1499.9993896484375,1500.0,361.1337890625,1169.32080078125,1499.99951171875,823.6275634765625,971.28515625,591.6176147460938,405.3032531738281,468.6598205566406,292.7126159667969,1466.100830078125,1271.71484375,277.2955322265625,1499.9991455078125,1106.3887939453125,769.303955078125,1051.77734375,293.5407409667969,256.7965087890625,1499.99853515625,950.2826538085938,1481.013671875,497.5263977050781,1499.99853515625,677.7788696289062,1499.9974365234375,69.80680847167969,1328.8922119140625,1500.0,-0.0,-0.0,-0.0,-0.0,-0.0,-0.0,-0.0,-0.0,-0.0,1000.432373046875,-0.0,286.3116455078125,1500.0,1500.0,415.1891174316406,2001-04-25 00:00:00.000000
-0.0,1500.0,424.79736328125,527.596435546875,1499.9984130859375,1500.000244140625,1499.9962158203125,351.7670593261719,1143.029052734375,1499.9993896484375,777.6351318359375,934.9967041015625,565.4697875976562,391.9200439453125,450.8341064453125,287.325439453125,1400.9840087890625,1235.8818359375,273.0147399902344,1499.980712890625,1073.1552734375,746.567138671875,1009.0753784179688,280.36553955078125,247.768310546875,1499.9990234375,909.0826416015625,1418.4383544921875,474.8907775878906,1499.9989013671875,652.1455688476562,1492.755126953125,67.8893051147461,1274.156494140625,1499.9588623046875,-0.0,-0.0,-0.0,-0.0,-0.0,-0.0,-0.0,-0.0,-0.0,961.2437744140625,-0.0,272.284912109375,1499.998046875,1499.9996337890625,398.99127197265625,2001-05-05 00:00:00.000000
-0.0,1500.0,400.4634704589844,504.4080505371094,1500.0,1499.99951171875,1499.9993896484375,342.4886169433594,1117.5635986328125,1448.3948974609375,736.5629272460938,899.7211303710938,542.178955078125,378.975830078125,434.376220703125,282.00494384765625,1351.4678955078125,1201.2110595703125,269.2640686035156,1499.999755859375,1040.619873046875,724.339599609375,968.298828125,267.471923828125,238.72071838378906,1499.99853515625,868.4908447265625,1362.8665771484375,454.58941650390625,1499.9984130859375,628.3314819335938,1419.69482421875,66.22754669189453,1223.3543701171875,1500.0,-0.0,-0.0,-0.0,-0.0,-0.0,-0.0,-0.0,-0.0,-0.0,924.5165405273438,-0.0,259.2571105957031,1500.0,1500.0,383.5382080078125,2001-05-15 00:00:00.000000
-0.0,1500.0,377.39691162109375,481.61773681640625,1500.0,1499.9990234375,1500.0,333.3272705078125,1092.745361328125,1382.890380859375,700.646728515625,865.211181640625,519.7117919921875,366.3996276855469,419.0268859863281,276.67730712890625,1307.2479248046875,1167.3929443359375,265.5393981933594,1499.9990234375,1008.1576538085938,702.3079833984375,929.2488403320312,254.82589721679688,229.90884399414062,1499.999267578125,828.5551147460938,1309.3948974609375,436.00396728515625,1430.0643310546875,606.2576904296875,1365.392578125,64.75443267822266,1175.0328369140625,1499.999267578125,-0.0,-0.0,-0.0,-0.0,-0.0,-0.0,-0.0,-0.0,-0.0,888.8308715820312,-0.0,247.04087829589844,1500.0,1500.0,368.78955078125,2001-05-25 00:00:00.000000
-0.0,1500.0001220703125,355.59619140625,459.41070556640625,1500.00390625,1500.0008544921875,1489.669677734375,324.4123229980469,1068.696533203125,1323.868408203125,668.4447631835938,831.359130859375,497.5776062011719,354.2131652832031,404.6014099121094,271.38873291015625,1266.0496826171875,1134.3634033203125,261.87799072265625,1500.000244140625,975.6264038085938,680.2372436523438,891.724853515625,242.364501953125,221.69508361816406,1500.0010986328125,789.3919067382812,1256.6146240234375,418.7713623046875,1279.373046875,585.4746704101562,1319.700439453125,63.34208297729492,1128.711669921875,1500.0050048828125,-0.0,-0.0,-0.0,-0.0,-0.0,-0.0,-0.0,-0.0,-0.0,854.9483642578125,-0.0,235.5310821533203,1500.0010986328125,1499.999755859375,354.78485107421875,2001-06-04 00:00:00.000000
-0.0,1500.0001220703125,335.3755187988281,438.82122802734375,1481.536376953125,1500.00048828125,1420.3443603515625,315.78533935546875,1045.5087890625,1270.3328857421875,639.40283203125,798.0715942382812,475.46405029296875,342.39154052734375,391.1240539550781,266.1943664550781,1227.0594482421875,1101.979736328125,258.19354248046875,1499.9930419921875,943.0213623046875,658.1759033203125,855.5682983398438,230.27023315429688,214.09251403808594,1500.0015869140625,751.0111694335938,1203.2796630859375,402.69696044921875,1194.963623046875,565.6492919921875,1278.813720703125,62.003204345703125,1084.1676025390625,1500.000244140625,-0.0,-0.0,-0.0,-0.0,-0.0,-0.0,-0.0,-0.0,-0.0,820.52587890625,-0.0,224.67373657226562,1500.0,1499.9998779296875,341.4867858886719,2001-06-14 00:00:00.000000
-0.0,1427.2923583984375,318.1496276855469,419.89990234375,1403.1402587890625,1500.0003662109375,1360.389892578125,307.47625732421875,1023.2489624023438,1220.774169921875,613.0602416992188,765.3482055664062,453.6163330078125,330.7987976074219,378.1635437011719,261.74652099609375,1189.8673095703125,1070.2899169921875,254.39024353027344,1499.9990234375,910.4473876953125,636.2470703125,820.7077026367188,219.436767578125,207.02198791503906,1500.0001220703125,713.3809814453125,1150.1160888671875,387.6693420410156,1125.1973876953125,546.5474243164062,1241.369384765625,60.73472213745117,1041.6905517578125,1499.99755859375,-0.0,-0.0,-0.0,-0.0,-0.0,-0.0,-0.0,-0.0,-0.0,788.1297607421875,-0.0,214.73558044433594,1499.999755859375,1499.9996337890625,328.86065673828125,2001-06-24 00:00:00.000000
-0.0,1365.665283203125,303.5337829589844,402.42596435546875,1332.2587890625,1500.0003662109375,1305.8212890625,299.4839782714844,1001.9029541015625,1173.6702880859375,588.9364013671875,733.4519653320312,432.29302978515625,319.3946228027344,365.13372802734375,257.3968200683594,1154.2569580078125,1039.494140625,250.49484252929688,1500.0008544921875,877.9569702148438,614.748291015625,786.90478515625,209.8008270263672,200.42933654785156,1500.00048828125,678.4151000976562,1097.789794921875,374.3705139160156,1062.380859375,528.0067749023438,1206.7960205078125,59.556358337402344,1001.3959350585938,1499.9971923828125,-0.0,-0.0,-0.0,-0.0,-0.0,-0.0,-0.0,-0.0,-0.0,757.684814453125,-0.0,205.85247802734375,1463.31591796875,1499.999755859375,316.92340087890625,2001-07-04 00:00:00.000000
-0.0,1308.8623046875,290.6844787597656,385.6469421386719,1265.9141845703125,1500.0001220703125,1254.5618896484375,291.8220520019531,981.4364013671875,1128.841796875,566.57666015625,702.7245483398438,411.5980224609375,308.3355712890625,352.6233825683594,253.13442993164062,1120.2215576171875,1009.5035400390625,246.61602783203125,1500.000244140625,845.7808227539062,593.501708984375,754.2685546875,201.02040100097656,194.25210571289062,1500.000244140625,647.1921997070312,1046.6436767578125,361.83233642578125,1003.640869140625,509.9583740234375,1174.836181640625,58.422996520996094,963.1324462890625,1499.9974365234375,-0.0,-0.0,-0.0,-0.0,-0.0,-0.0,-0.0,-0.0,-0.0,728.5216674804688,-0.0,197.8472900390625,1390.58837890625,1499.999755859375,305.66241455078125,2001-07-14 00:00:00.000000
-0.0,1256.0950927734375,279.10931396484375,369.9803466796875,1203.289794921875,1499.999755859375,1205.4737548828125,284.45623779296875,961.82861328125,1085.681884765625,545.5474853515625,673.4291381835938,391.641845703125,297.61907958984375,340.6957092285156,248.96878051757812,1087.3116455078125,980.2233276367188,242.63967895507812,1499.9996337890625,813.9342041015625,572.370361328125,722.8546142578125,192.84909057617188,188.43978881835938,1466.5240478515625,618.3974609375,996.9039916992188,349.9387512207031,948.7950439453125,492.38360595703125,1145.3514404296875,57.31864547729492,926.6719970703125,1417.5050048828125,-0.0,-0.0,-0.0,-0.0,-0.0,-0.0,-0.0,-0.0,-0.0,700.0540771484375,-0.0,190.53073120117188,1324.113525390625,1500.0,295.0359802246094,2001-07-24 00:00:00.000000
-0.0,1206.0697021484375,268.4639892578125,355.1445007324219,1144.0423583984375,1500.0001220703125,1158.894775390625,277.3661193847656,942.958251953125,1044.2042236328125,525.6688232421875,645.5203247070312,372.539794921875,287.25421142578125,328.87493896484375,244.90476989746094,1055.4642333984375,951.6876220703125,238.5261688232422,1499.998291015625,782.474853515625,551.5576171875,692.5975952148438,185.12843322753906,182.97653198242188,1408.9718017578125,591.3670043945312,948.766357421875,338.6507873535156,898.2850952148438,475.3955383300781,1118.141357421875,56.230430603027344,891.890380859375,1329.46630859375,-0.0,-0.0,-0.0,-0.0,-0.0,-0.0,-0.0,-0.0,-0.0,672.7013549804688,-0.0,183.74139404296875,1261.7247314453125,1500.0,285.0019836425781,2001-08-03 00:00:00.000000
-0.0,1158.56591796875,258.54718017578125,340.9870300292969,1088.0999755859375,1500.0,1114.2548828125,270.3818054199219,924.6593017578125,1004.6499633789062,507.3072204589844,618.9120483398438,354.3610534667969,277.1541748046875,317.53326416015625,240.91830444335938,1024.774658203125,923.7809448242188,234.36961364746094,1500.0,751.518310546875,531.096923828125,663.6724243164062,177.78160095214844,177.8494110107422,1361.6339111328125,565.6812744140625,902.464111328125,327.8564453125,851.826904296875,459.1402587890625,1092.87939453125,55.161827087402344,858.6734619140625,1254.8431396484375,-0.0,-0.0,-0.0,-0.0,-0.0,-0.0,-0.0,-0.0,-0.0,646.6757202148438,-0.0,177.37533569335938,1202.44091796875,1478.83837890625,275.52734375,2001-08-13 00:00:00.000000
-0.0,1113.48779296875,249.21148681640625,327.4218444824219,1035.3975830078125,1500.0,1071.1307373046875,263.5201416015625,906.7847290039062,966.7476196289062,489.9686584472656,593.5509033203125,337.10186767578125,267.2856750488281,306.6251525878906,237.01255798339844,996.3656616210938,896.2890625,230.29769897460938,1499.9959716796875,721.191162109375,511.0100402832031,636.6243896484375,170.53245544433594,172.9445037841797,1320.5140380859375,541.2090454101562,858.1102905273438,317.49200439453125,809.014892578125,443.684814453125,1068.91455078125,54.11642837524414,826.8656005859375,1187.7301025390625,-0.0,-0.0,-0.0,-0.0,-0.0,-0.0,-0.0,-0.0,-0.0,621.5755615234375,-0.0,171.35223388671875,1146.3565673828125,1407.0283203125,266.5868835449219,2001-08-23 00:00:00.000000
-0.0,1070.7442626953125,240.33950805664062,314.4035339355469,985.6724243164062,1500.0001220703125,1029.5023193359375,256.8893737792969,889.2491455078125,930.3428344726562,473.2743835449219,569.3771362304688,320.7124328613281,257.6428527832031,295.9866027832031,233.20846557617188,968.4568481445312,869.472412109375,226.53857421875,1499.9942626953125,691.5997314453125,491.3596496582031,611.3206176757812,163.02261352539062,168.24478149414062,1283.5286865234375,517.9110107421875,815.6846313476562,307.67608642578125,769.2656860351562,429.2889099121094,1045.808349609375,53.114349365234375,796.3785400390625,1126.0550537109375,-0.0,-0.0,-0.0,-0.0,-0.0,-0.0,-0.0,-0.0,-0.0,597.4580688476562,-0.0,165.62013244628906,1093.2515869140625,1346.8245849609375,258.17047119140625,2001-09-02 00:00:00.000000
-0.0,1030.2083740234375,231.86874389648438,301.8776550292969,938.838134765625,1499.9998779296875,989.3095703125,250.50863647460938,872.1116333007812,895.2467651367188,457.26422119140625,546.3139038085938,305.2323303222656,248.26553344726562,285.70733642578125,229.516357421875,941.3842163085938,843.3191528320312,224.20294189453125,1425.587890625,662.876220703125,472.2228698730469,587.5007934570312,156.3779296875,163.7610321044922,1249.363037109375,495.70361328125,775.44140625,298.3567810058594,731.9939575195312,415.7867126464844,1023.5299682617188,52.16957092285156,767.20263671875,1068.8255615234375,-0.0,-0.0,-0.0,-0.0,-0.0,-0.0,-0.0,-0.0,-0.0,574.6593017578125,-0.0,160.14036560058594,1042.9326171875,1292.097412109375,250.27178955078125,2001-09-12 00:00:00.000000
-0.0,991.696044921875,223.7783660888672,289.7997131347656,894.4752807617188,1499.9998779296875,950.440673828125,244.35861206054688,855.4886474609375,861.5239868164062,441.8639221191406,524.3103637695312,290.6593322753906,239.13363647460938,275.76385498046875,225.90623474121094,915.1622924804688,817.6525268554688,221.79408264160156,1321.12060546875,635.1381225585938,453.6380920410156,564.8706665039062,150.13763427734375,159.44171142578125,1217.2103271484375,474.5523681640625,737.5965576171875,289.4768981933594,696.8643798828125,403.118408203125,1002.2391967773438,51.28080368041992,739.2974853515625,1015.5569458007812,-0.0,-0.0,-0.0,-0.0,-0.0,-0.0,-0.0,-0.0,-0.0,553.0150146484375,-0.0,154.88551330566406,995.2862548828125,1240.94921875,242.8280029296875,2001-09-22 00:00:00.000000
-0.0,955.0348510742188,216.10165405273438,277.4107666015625,852.7138061523438,1499.9998779296875,912.8761596679688,238.4181365966797,839.5074462890625,829.1820068359375,426.9695129394531,503.313720703125,276.9798583984375,230.2668914794922,266.1277770996094,222.35765075683594,889.7659912109375,791.4198608398438,219.21417236328125,1245.5498046875,608.4651489257812,435.608154296875,543.425537109375,144.25669860839844,155.2621612548828,1186.7681884765625,454.4134216308594,702.2484130859375,280.9718017578125,663.6366577148438,391.250732421875,981.9312744140625,50.443084716796875,712.6055297851562,965.8231811523438,-0.0,-0.0,-0.0,-0.0,-0.0,-0.0,-0.0,-0.0,-0.0,532.3248291015625,-0.0,149.8360137939453,950.1514892578125,1192.58203125,235.76681518554688,2001-10-02 00:00:00.000000
-0.0,919.9891967773438,208.73971557617188,265.64703369140625,813.4029541015625,1499.9998779296875,876.5836791992188,232.6790008544922,824.1798706054688,798.1741943359375,412.7245788574219,483.2669982910156,264.157470703125,221.67237854003906,256.79620361328125,218.8609161376953,865.0850219726562,766.3912963867188,216.6898651123047,1179.1478271484375,582.8775634765625,418.1293640136719,523.0458984375,138.59510803222656,151.2186279296875,1157.7796630859375,435.221435546875,669.2738037109375,272.84332275390625,632.127685546875,380.1031799316406,962.4238891601562,49.6485710144043,687.06982421875,919.2305297851562,-0.0,-0.0,-0.0,-0.0,-0.0,-0.0,-0.0,-0.0,-0.0,512.3739013671875,-0.0,144.98793029785156,907.439697265625,1146.56591796875,229.07012939453125,2001-10-12 00:00:00.000000
-0.0,886.4461669921875,201.69692993164062,254.47088623046875,776.3740234375,1499.9998779296875,841.5018310546875,227.0733642578125,809.4549560546875,768.3927001953125,399.1239013671875,464.1259460449219,252.11798095703125,213.3529815673828,247.75503540039062,215.40744018554688,841.0258178710938,741.8023071289062,214.20765686035156,1118.8587646484375,558.4359741210938,401.2828063964844,503.6294250488281,133.15481567382812,147.3118133544922,1130.2406005859375,416.9541320800781,638.455078125,265.2440490722656,602.18994140625,369.6117248535156,943.5191040039062,48.88652038574219,662.6561279296875,875.542724609375,-0.0,-0.0,-0.0,-0.0,-0.0,-0.0,-0.0,-0.0,-0.0,493.3406982421875,-0.0,140.34666442871094,867.0753173828125,1102.62255859375,222.82041931152344,2001-10-22 00:00:00.000000
-0.0,854.0469360351562,194.9915008544922,243.49575805664062,741.4344482421875,1499.9998779296875,807.5513305664062,221.61412048339844,795.2154541015625,739.75732421875,386.16009521484375,445.8516845703125,240.7987823486328,205.3016815185547,238.9909210205078,211.98828125,818.0185546875,717.6482543945312,211.9694366455078,1063.542236328125,535.149169921875,385.0366516113281,485.10247802734375,127.8893814086914,143.57264709472656,1103.9256591796875,399.5830383300781,609.6162719726562,258.0353698730469,573.7630615234375,359.71240234375,925.1761474609375,48.1888427734375,639.3161010742188,834.5055541992188,-0.0,-0.0,-0.0,-0.0,-0.0,-0.0,-0.0,-0.0,-0.0,475.1080322265625,-0.0,135.90966796875,828.8843383789062,1060.54931640625,216.8383331298828,2001-11-01 00:00:00.000000
-0.0,822.887939453125,188.60992431640625,232.47010803222656,708.4193725585938,1499.9998779296875,774.7227783203125,216.32272338867188,781.36181640625,712.2368774414062,373.7972717285156,428.4004821777344,230.13394165039062,197.52044677734375,230.48545837402344,208.61410522460938,795.7838134765625,693.9799194335938,209.9025421142578,1012.4306640625,512.9908447265625,369.4567565917969,467.4055480957031,122.81930541992188,139.97372436523438,1078.309326171875,383.0462646484375,582.572998046875,251.1199951171875,546.7692260742188,350.36572265625,907.3807983398438,47.5039176940918,617.025390625,795.92919921875,-0.0,-0.0,-0.0,-0.0,-0.0,-0.0,-0.0,-0.0,-0.0,457.7790222167969,-0.0,131.66493225097656,792.7545776367188,1020.1861572265625,211.1304931640625,2001-11-11 00:00:00.000000
-0.0,793.1067504882812,182.5202178955078,221.6871337890625,677.1821899414062,1499.9998779296875,743.0186767578125,211.21043395996094,767.8030395507812,685.8020629882812,361.9814147949219,411.7264099121094,220.06912231445312,190.0110321044922,222.19439697265625,205.28871154785156,774.4175415039062,670.9013061523438,207.91184997558594,964.9552612304688,491.90594482421875,354.5323791503906,450.4777526855469,117.98649597167969,136.49778747558594,1053.442626953125,367.2965087890625,557.1575317382812,244.48146057128906,521.123291015625,341.51708984375,890.2067260742188,46.84269332885742,595.738525390625,759.6153564453125,-0.0,-0.0,-0.0,-0.0,-0.0,-0.0,-0.0,-0.0,-0.0,441.2673645019531,-0.0,127.6002426147461,758.5550537109375,981.4194946289062,205.69354248046875,2001-11-21 00:00:00.000000
-0.0,764.5748901367188,176.71495056152344,211.5057830810547,647.6077270507812,1478.7523193359375,712.2692260742188,206.3365478515625,754.47021484375,660.405029296875,350.6693115234375,395.79180908203125,210.56863403320312,182.77597045898438,214.1251678466797,202.0107879638672,753.6193237304688,648.4102783203125,205.94789123535156,920.6724243164062,471.83880615234375,340.2532958984375,434.272216796875,113.37760162353516,133.13320922851562,1029.7039794921875,352.30120849609375,533.2177734375,238.08404541015625,496.7506408691406,333.1331787109375,873.69921875,46.20545959472656,575.373779296875,725.4099731445312,-0.0,-0.0,-0.0,-0.0,-0.0,-0.0,-0.0,-0.0,-0.0,425.3711242675781,-0.0,123.72644805908203,726.1375732421875,944.2606201171875,200.51609802246094,2001-12-01 00:00:00.000000
-0.0,755.4442138671875,174.85296630859375,208.2752227783203,638.1023559570312,1440.121826171875,702.4063720703125,204.78392028808594,750.191650390625,652.2979125976562,347.05609130859375,390.64947509765625,207.51966857910156,180.4471893310547,211.55076599121094,200.97145080566406,746.9662475585938,641.1834106445312,205.3927459716797,906.4956665039062,465.3919982910156,335.66595458984375,429.0495910644531,111.90235137939453,132.0470428466797,1021.8524169921875,347.4647521972656,525.5419921875,236.02073669433594,488.8586120605469,330.4442138671875,868.343994140625,46.0155029296875,568.8970336914062,714.4133911132812,-0.0,-0.0,-0.0,-0.0,-0.0,-0.0,-0.0,-0.0,-0.0,420.2764587402344,-0.0,122.49444580078125,715.7053833007812,932.2948608398438,198.8486785888672,2001-12-04 07:11:58.945312
-0.0,737.0909423828125,171.14947509765625,201.93316650390625,619.4096069335938,1390.8594970703125,682.6849365234375,201.6527099609375,741.3718872070312,635.9290161132812,339.78106689453125,380.4698181152344,201.5191650390625,175.80508422851562,206.2789306640625,198.78952026367188,733.3043823242188,626.4741821289062,204.0353546142578,878.7935791015625,452.6200256347656,326.53704833984375,418.6619873046875,108.96080017089844,129.86058044433594,1006.7948608398438,337.9172668457031,510.4405517578125,231.87640380859375,473.4103088378906,325.115966796875,857.892333984375,45.67373275756836,555.7854614257812,692.8845825195312,-0.0,-0.0,-0.0,-0.0,-0.0,-0.0,-0.0,-0.0,-0.0,410.0306701660156,-0.0,120.02890014648438,695.163818359375,908.704345703125,195.54428100585938,2001-12-11 00:00:00.000000
-0.0,710.81591796875,165.8601837158203,193.15023803710938,592.93701171875,1332.495361328125,654.9317016601562,197.12733459472656,728.5137329101562,612.323974609375,329.3817443847656,365.91778564453125,193.02410888671875,169.1607208251953,198.6642608642578,195.5863037109375,713.47802734375,604.67919921875,202.03854370117188,839.8258056640625,434.4481201171875,313.5086364746094,403.7795104980469,104.78404235839844,126.69799041748047,984.9094848632812,324.3023986816406,489.09747314453125,225.89813232421875,451.44781494140625,317.6186828613281,842.9520874023438,45.16356658935547,537.0830688476562,662.485107421875,-0.0,-0.0,-0.0,-0.0,-0.0,-0.0,-0.0,-0.0,-0.0,395.4173278808594,-0.0,116.51162719726562,665.9667358398438,875.2860107421875,190.8336181640625,2001-12-21 00:00:00.000000
-0.0,627.1226806640625,160.38209533691406,192.2549285888672,577.2682495117188,1326.12646484375,652.1149291992188,196.65403747558594,727.29931640625,609.9807739257812,328.3390808105469,364.3666687011719,191.07334899902344,160.8787384033203,197.927734375,195.28785705566406,711.5934448242188,602.3873901367188,201.95550537109375,835.7011108398438,430.9428405761719,308.5191345214844,402.2088623046875,104.22572326660156,126.36870574951172,982.099609375,322.8427429199219,486.2881774902344,224.68768310546875,449.0367126464844,316.65576171875,841.2471923828125,45.146183013916016,534.9783325195312,659.2235107421875,907.4008178710938,1072.3201904296875,576.4708862304688,140.0004425048828,1117.4190673828125,967.4898071289062,192.06019592285156,1499.9788818359375,416.5887756347656,393.79376220703125,1008.375244140625,113.91352081298828,662.74462890625,871.7592163085938,190.32928466796875,2001-12-22 02:08:08.671875
-0.0,602.1348876953125,158.92678833007812,192.05264282226562,573.4285278320312,1324.697021484375,651.4765625,196.5488739013672,726.9943237304688,609.4307861328125,328.0966491699219,364.0268859863281,190.59259033203125,158.53469848632812,197.7527618408203,195.2174072265625,711.1229248046875,601.8712158203125,201.92616271972656,834.7877807617188,430.0967102050781,307.279296875,401.8628845214844,104.09468841552734,126.29554748535156,981.545166015625,322.5242004394531,485.6391906738281,224.388427734375,448.52569580078125,316.43719482421875,840.8936157226562,45.1446647644043,534.4528198242188,658.512451171875,838.179931640625,1066.36572265625,595.1187133789062,177.0584259033203,1452.9385986328125,1497.908935546875,201.32044982910156,1499.87841796875,476.01605224609375,393.4184265136719,1500.0001220703125,113.23170471191406,662.035888671875,870.979736328125,190.21827697753906,2001-12-22 07:49:46.523438
-0.0,554.9744262695312,155.04273986816406,191.63595581054688,565.45458984375,1321.754150390625,650.154296875,196.33453369140625,726.3328247070312,608.2836303710938,327.5953674316406,363.34466552734375,189.438720703125,155.02806091308594,197.38072204589844,195.06382751464844,710.1318359375,600.8057861328125,201.8257598876953,832.955322265625,428.1213684082031,304.4387512207031,401.1646423339844,103.78269958496094,126.14629364013672,980.6083984375,321.8856506347656,484.20159912109375,223.60165405273438,447.5135803222656,315.9220886230469,840.2199096679688,45.11991882324219,533.2516479492188,657.0911865234375,709.5803833007812,984.8547973632812,539.4552001953125,168.08248901367188,1097.8446044921875,-0.0,194.24192810058594,1499.9998779296875,439.4870300292969,392.591552734375,1187.5499267578125,111.39264678955078,660.5843505859375,869.4061889648438,189.9925994873047,2001-12-22 19:12:46.406250
-0.0,481.60888671875,143.78404235839844,190.38450622558594,546.0155639648438,1312.901123046875,646.1565551757812,195.6965789794922,724.4758911132812,604.9484252929688,326.1317138671875,361.30596923828125,185.3310546875,152.31524658203125,196.2976837158203,194.60650634765625,707.33056640625,597.6497802734375,201.52577209472656,827.53955078125,421.2639465332031,295.7763366699219,399.0830383300781,102.51875305175781,125.70143127441406,977.6009521484375,319.9611511230469,479.12518310546875,220.30471801757812,444.47216796875,313.7167663574219,838.1524047851562,45.042728424072266,528.8540649414062,652.8367309570312,615.6417236328125,892.599853515625,460.8859558105469,153.47572326660156,834.850341796875,-0.0,177.0063934326172,1482.0509033203125,391.9507141113281,389.6193542480469,889.8570556640625,105.26581573486328,655.9112548828125,864.6943969726562,189.28160095214844,2001-12-24 05:22:01.875000
-0.0,405.238037109375,125.65742492675781,186.52980041503906,509.284423828125,1288.382568359375,633.8579711914062,193.8076934814453,719.0423583984375,595.1273193359375,321.82342529296875,355.1839599609375,174.1920623779297,152.37014770507812,193.12828063964844,193.2503662109375,699.1715087890625,588.4429931640625,200.6395263671875,811.6791381835938,402.33990478515625,277.12469482421875,392.8981018066406,98.23612976074219,124.3503646850586,967.3171997070312,314.0618591308594,462.842041015625,210.12796020507812,435.4930419921875,304.31878662109375,832.050048828125,44.810874938964844,513.5300903320312,639.9061279296875,550.7059326171875,796.2049560546875,384.53302001953125,138.11672973632812,622.9668579101562,-0.0,153.79295349121094,-0.0,347.4990539550781,379.4658203125,692.7888793945312,92.11798095703125,640.6564331054688,850.1760864257812,186.73648071289062,2001-12-28 11:49:53.554688
-0.0,379.182373046875,118.64681243896484,184.26467895507812,492.2226867675781,1274.653564453125,626.677978515625,192.71060180664062,715.92333984375,589.473876953125,319.341796875,351.5945739746094,168.43527221679688,152.16065979003906,191.3126220703125,192.4744415283203,694.4931640625,583.2107543945312,200.1630096435547,802.5213623046875,392.3187561035156,268.5175476074219,389.2977294921875,95.82917022705078,123.55099487304688,960.6785278320312,310.57696533203125,453.5351867675781,204.7200469970703,430.27349853515625,298.6088562011719,828.48193359375,44.68357467651367,504.6425476074219,632.2581787109375,529.0138549804688,760.7385864257812,360.617919921875,132.7547607421875,557.8722534179688,-0.0,146.82305908203125,-0.0,332.1732482910156,373.5555725097656,635.593505859375,86.29562377929688,631.58740234375,841.5429077148438,185.12554931640625,2001-12-31 00:00:00.000000
-0.0,349.68408203125,110.10051727294922,179.69822692871094,466.379150390625,1248.3118896484375,612.4296875,190.53140258789062,709.6868896484375,578.2515258789062,314.4205322265625,344.40911865234375,159.3958740234375,150.05662536621094,187.6996612548828,190.91119384765625,685.1461791992188,572.8440551757812,199.0618133544922,784.6388549804688,375.56927490234375,256.45928955078125,382.1243896484375,91.62067413330078,121.90597534179688,945.2067260742188,303.6058654785156,436.7410583496094,196.04742431640625,420.0787658691406,288.09423828125,821.618408203125,44.40797424316406,488.2260437011719,616.7742919921875,502.77484130859375,716.6228637695312,336.9413146972656,126.19608306884766,493.9228820800781,-0.0,141.73902893066406,-0.0,313.9884338378906,362.56597900390625,578.606201171875,78.3763198852539,613.794189453125,823.87744140625,181.66989135742188,2002-01-05 00:00:00.000000
-0.0,329.66485595703125,104.21605682373047,175.22349548339844,445.2940368652344,1222.5223388671875,598.5685424804688,188.37474060058594,703.5762329101562,567.2686767578125,309.5928039550781,337.2494812011719,152.12777709960938,147.261474609375,184.1663055419922,189.37359619140625,675.9625244140625,562.6778564453125,197.93817138671875,767.1760864257812,361.24322509765625,247.2742156982422,374.9925231933594,87.9796142578125,120.23854064941406,928.736328125,296.7066345214844,421.7346496582031,188.9904022216797,410.050537109375,279.0214538574219,814.8875732421875,44.13307571411133,473.4246520996094,601.240966796875,483.2243347167969,683.9440307617188,322.0407409667969,121.292236328125,456.1302795410156,-0.0,137.7733612060547,-0.0,301.124755859375,352.55859375,541.5673217773438,72.75802612304688,596.6429443359375,806.0952758789062,178.16925048828125,2002-01-10 00:00:00.000000
-0.0,303.4789733886719,96.61648559570312,166.70294189453125,412.4521484375,1172.1868896484375,572.210205078125,184.13490295410156,691.6497802734375,545.9655151367188,300.2025451660156,323.1822204589844,141.32362365722656,141.27456665039062,177.2766876220703,186.3173065185547,657.9071044921875,542.8128051757812,195.4236297607422,733.62255859375,338.3258056640625,233.57379150390625,360.901123046875,82.16109466552734,116.89601135253906,896.2908325195312,283.3798828125,396.59820556640625,178.3120574951172,390.5727233886719,264.5685119628906,801.7849731445312,43.5749626159668,448.0751647949219,570.8275146484375,453.3390197753906,635.648681640625,302.75537109375,113.96197509765625,415.7414855957031,-0.0,131.2205810546875,-0.0,283.7066650390625,335.23516845703125,495.61474609375,65.622802734375,564.9765014648438,771.0664672851562,171.4575653076172,2002-01-20 00:00:00.000000
-0.0,284.1593322753906,91.08808898925781,158.7212677001953,385.34796142578125,1123.4766845703125,547.4656982421875,180.01026916503906,680.0921020507812,525.5509033203125,291.1907043457031,309.579833984375,132.7001190185547,135.49111938476562,170.6477508544922,183.3323974609375,640.3823852539062,523.5936889648438,192.8748779296875,701.5734252929688,319.2632751464844,222.1888885498047,347.1423034667969,77.37572479248047,113.63282012939453,866.564208984375,270.6719055175781,374.9416809082031,169.7282257080078,371.73583984375,252.54672241210938,788.936279296875,43.02070236206055,426.04217529296875,541.7645874023438,427.83392333984375,596.0537719726562,287.6943359375,107.98187255859375,390.0670166015625,-0.0,126.40275573730469,-0.0,270.23223876953125,319.9140319824219,462.7968444824219,60.70341873168945,535.8803100585938,737.3200073242188,165.20074462890625,2002-01-30 00:00:00.000000
-0.0,268.6795349121094,86.70511627197266,151.27468872070312,362.1037292480469,1076.5836181640625,524.1885375976562,175.9947509765625,668.7883911132812,505.939208984375,282.5308837890625,296.5267333984375,125.40868377685547,130.00970458984375,164.24998474121094,180.3836212158203,623.3132934570312,504.9673767089844,190.26377868652344,670.9921875,302.82220458984375,212.12045288085938,333.7871398925781,73.28491973876953,110.47615814208984,839.8389282226562,258.6072692871094,355.750244140625,162.5023193359375,353.6068420410156,242.06649780273438,776.3413696289062,42.47610855102539,406.4273376464844,514.2958374023438,405.1856384277344,561.8721923828125,274.77581787109375,102.88337707519531,371.1643371582031,-0.0,122.9367904663086,-0.0,258.8883056640625,306.04205322265625,437.2542724609375,57.01152801513672,509.05218505859375,705.125732421875,159.3979949951172,2002-02-09 00:00:00.000000
-0.0,255.5915069580078,83.0249252319336,144.3146514892578,341.6604919433594,1031.34033203125,502.282958984375,172.08595275878906,657.7335815429688,487.1134033203125,274.2051696777344,284.0558166503906,119.00802612304688,124.8218002319336,158.08465576171875,177.47669982910156,606.7041625976562,486.80908203125,187.64337158203125,641.8487548828125,288.25341796875,202.9287109375,320.94281005859375,69.68754577636719,107.43856811523438,815.8460693359375,247.1659698486328,338.4190673828125,156.22576904296875,336.2225341796875,232.6771240234375,763.9683227539062,41.9462776184082,388.7168273925781,488.48138427734375,384.7098693847656,531.5702514648438,263.1800231933594,98.43075561523438,356.00030517578125,-0.0,120.40741729736328,-0.0,248.9040069580078,293.2785339355469,416.1039733886719,54.075321197509766,484.1944885253906,674.0969848632812,154.05970764160156,2002-02-19 00:00:00.000000
-0.0,244.110107421875,79.81693267822266,137.80018615722656,323.3897705078125,988.6677856445312,481.665283203125,168.2774200439453,646.9085083007812,469.0569763183594,266.1948547363281,272.17584228515625,113.25218200683594,119.90498352050781,152.14088439941406,174.61495971679688,590.5740356445312,468.2384033203125,185.0373077392578,614.1116333007812,275.0906677246094,194.39434814453125,308.62005615234375,66.45677947998047,104.52616882324219,794.2926025390625,236.32554626464844,322.5626220703125,150.63587951660156,319.62933349609375,224.11813354492188,751.8178100585938,41.429141998291016,372.54901123046875,464.2940979003906,366.023193359375,504.303466796875,252.50271606445312,94.4803695678711,343.1532287597656,-0.0,118.46651458740234,-0.0,239.9963836669922,281.40020751953125,397.8258361816406,51.63888168334961,461.0829162597656,644.4125366210938,149.14170837402344,2002-03-01 00:00:00.000000
-0.0,233.77554321289062,76.95110321044922,131.68582153320312,306.85052490234375,948.0240478515625,462.2345275878906,164.5742645263672,636.28857421875,451.7476806640625,258.4864501953125,260.8710021972656,107.99385833740234,115.22376251220703,146.4203338623047,171.8027801513672,574.9386596679688,450.7054443359375,182.4674072265625,587.7243041992188,263.015380859375,186.3901824951172,296.4987487792969,63.50873947143555,101.73622131347656,774.8146362304688,226.05148315429688,307.9181823730469,145.58340454101562,303.84429931640625,216.25502014160156,739.8504638671875,40.921417236328125,357.66253662109375,441.64678955078125,348.84820556640625,479.5002136230469,242.5310516357422,90.93124389648438,331.6685791015625,-0.0,116.83173370361328,-0.0,232.01971435546875,270.2659606933594,381.54388427734375,49.54737854003906,439.5119934082031,616.7094116210938,144.59921264648438,2002-03-11 00:00:00.000000
-0.0,224.31065368652344,74.34619903564453,125.94322204589844,291.750732421875,909.0380859375,443.910400390625,160.9768829345703,625.859375,435.1575622558594,251.065185546875,250.1234588623047,103.14013671875,110.77050018310547,140.9229278564453,169.04168701171875,559.8017578125,433.8620300292969,179.95909118652344,562.6520385742188,251.8273468017578,178.83885192871094,285.0147399902344,60.788230895996094,99.06500244140625,757.1296997070312,216.31607055664062,294.3040771484375,140.96202087402344,288.8762512207031,208.98178100585938,728.0473022460938,40.42232894897461,343.8621520996094,420.4489440917969,332.978515625,456.76788330078125,233.1433868408203,87.71172332763672,321.1586608886719,-0.0,115.38359069824219,-0.0,224.95994567871094,259.7818603515625,366.7318115234375,47.7043571472168,419.3294677734375,590.9847412109375,140.39088439941406,2002-03-21 00:00:00.000000
-0.0,215.54014587402344,71.9469223022461,120.5423583984375,277.8687744140625,872.0272216796875,426.60797119140625,157.48104858398438,615.6533203125,419.2726135253906,243.9151153564453,239.90744018554688,98.62770080566406,106.53231811523438,135.64642333984375,166.3291473388672,545.158935546875,417.3141784667969,177.53321838378906,538.8365478515625,241.39068603515625,171.69021606445312,274.2158508300781,58.25746536254883,96.5076904296875,741.0382080078125,207.08778381347656,281.5876159667969,136.69448852539062,274.7147216796875,202.26425170898438,716.3772583007812,39.929447174072266,330.9955139160156,400.5943908691406,318.24664306640625,435.80059814453125,224.26158142089844,84.76658630371094,311.4675598144531,-0.0,114.0499267578125,-0.0,218.7565155029297,249.87335205078125,353.0542907714844,46.04806900024414,400.3986511230469,566.645263671875,136.47825622558594,2002-03-31 00:00:00.000000
-0.0,207.34779357910156,69.7166519165039,115.45399475097656,265.04150390625,837.043212890625,410.25640869140625,154.08255004882812,605.666748046875,404.0774230957031,237.0196075439453,230.19754028320312,94.41130828857422,102.49632263183594,130.58998107910156,163.6619873046875,531.04833984375,401.4903259277344,175.18820190429688,516.22021484375,231.60646057128906,164.90737915039062,263.90118408203125,55.88953399658203,94.05866241455078,726.3380126953125,198.33885192871094,269.6730651855469,132.72361755371094,261.33740234375,196.03140258789062,704.8145141601562,39.4403190612793,318.9398193359375,381.9820556640625,304.5204162597656,416.36431884765625,215.83192443847656,82.05538940429688,302.4182434082031,-0.0,112.78123474121094,-0.0,213.33419799804688,240.4892578125,340.290283203125,44.53705978393555,382.609375,543.5991821289062,132.8289794921875,2002-04-10 00:00:00.000000
-0.0,199.6531219482422,67.62604522705078,110.65337371826172,253.13241577148438,803.838134765625,394.7871398925781,150.77732849121094,596.044189453125,389.5513610839844,230.3639373779297,220.9736328125,90.45629119873047,98.64295959472656,125.7464370727539,161.0413055419922,517.4520263671875,386.3329772949219,172.9127960205078,494.7425842285156,222.39779663085938,158.45887756347656,254.03172302246094,53.66468048095703,91.7126235961914,712.6941528320312,190.03965759277344,258.4683532714844,129.0059356689453,248.710205078125,190.26904296875,693.3563842773438,38.95729064941406,307.6016845703125,364.5180969238281,291.6867370605469,398.262451171875,207.8143768310547,79.54644775390625,293.9106750488281,-0.0,111.52509307861328,-0.0,208.61228942871094,231.58154296875,328.2911071777344,43.14226531982422,365.85931396484375,521.76904296875,129.4143524169922,2002-04-20 00:00:00.000000
-0.0,192.39479064941406,65.65487670898438,106.11854553222656,242.0296173095703,772.3973999023438,380.13818359375,147.56483459472656,586.6279296875,375.66851806640625,223.94155883789062,212.19976806640625,86.73530578613281,94.96591186523438,121.10555267333984,158.4646759033203,504.35162353515625,371.75152587890625,170.69857788085938,474.33734130859375,213.70318603515625,152.3162384033203,244.5697479248047,51.56908416748047,89.47146606445312,699.8145141601562,182.16119384765625,247.90455627441406,125.50714111328125,236.8025360107422,184.95790100097656,682.0297241210938,38.479949951171875,296.89990234375,348.1126403808594,279.6487731933594,381.3110046386719,200.16726684570312,77.21504974365234,285.87994384765625,-0.0,110.2514877319336,-0.0,204.4892120361328,223.10031127929688,316.9496765136719,41.8426628112793,350.0587158203125,501.1220703125,126.20867919921875,2002-04-30 00:00:00.000000
-0.0,185.53128051757812,63.78800582885742,101.84291076660156,231.6497344970703,742.6212158203125,366.2604675292969,144.44268798828125,577.5252075195312,362.3986511230469,217.74708557128906,203.84408569335938,83.22662353515625,91.45182800292969,116.66594696044922,155.9284210205078,491.7330627441406,357.71966552734375,168.5256805419922,454.9479064941406,205.4775848388672,146.4628143310547,235.5299530029297,49.58926010131836,87.32452392578125,687.61669921875,174.68064880371094,237.9303741455078,122.20155334472656,225.5779571533203,180.06024169921875,670.8776245117188,38.01422119140625,286.7737121582031,332.6678161621094,268.3292236328125,365.3538818359375,192.8696746826172,75.03755950927734,278.2771911621094,-0.0,108.95354461669922,-0.0,200.86517333984375,215.02073669433594,306.1913146972656,40.62322235107422,335.1389465332031,481.5319519042969,123.19046783447266,2002-05-10 00:00:00.000000
-0.0,179.0242462158203,62.012184143066406,97.80789947509766,221.9219512939453,714.0999755859375,353.10491943359375,141.4103546142578,568.6415405273438,349.72479248046875,211.78543090820312,195.88568115234375,79.91160583496094,88.09562683105469,112.42402648925781,153.42311096191406,479.5606994628906,344.24700927734375,166.3647003173828,436.5017395019531,197.6803741455078,140.8835906982422,226.84886169433594,47.71330261230469,85.26368713378906,676.1062622070312,167.5747528076172,228.49737548828125,119.07115173339844,214.976318359375,175.5341796875,660.0671997070312,37.55583953857422,277.1704406738281,318.14599609375,257.6599426269531,350.41326904296875,185.90269470214844,72.99549102783203,271.0616760253906,-0.0,107.62500762939453,-0.0,197.6569366455078,207.3149871826172,295.9590759277344,39.4730224609375,321.0314636230469,462.9393615722656,120.3397445678711,2002-05-20 00:00:00.000000
-0.0,172.8450164794922,60.31777572631836,93.99375915527344,212.78475952148438,686.9483642578125,340.6234130859375,138.46775817871094,559.9711303710938,337.6286926269531,206.03799438476562,188.30445861816406,76.77542877197266,84.89127349853516,108.37539672851562,150.9511260986328,467.8079528808594,331.34783935546875,164.20620727539062,418.8226318359375,190.27825927734375,135.56434631347656,218.15257263183594,45.93397521972656,83.28253936767578,665.1197509765625,160.8212890625,219.56411743164062,116.10077667236328,204.97235107421875,171.34326171875,649.4444580078125,37.10859298706055,268.04656982421875,304.4866943359375,247.58401489257812,336.33721923828125,179.23960876464844,71.07476043701172,264.2050476074219,-0.0,106.26453399658203,-0.0,194.78387451171875,199.96182250976562,286.2152099609375,38.38361740112305,307.6575927734375,445.27752685546875,117.63945770263672,2002-05-30 00:00:00.000000
-0.0,166.97506713867188,58.69746017456055,90.38428497314453,204.16815185546875,661.1359252929688,328.775634765625,135.61451721191406,551.5079345703125,326.0917053222656,200.50242614746094,181.0839080810547,73.80484008789062,81.83072662353516,104.51342010498047,148.5133819580078,456.4610290527344,318.96588134765625,162.04473876953125,401.9807434082031,183.24343872070312,130.49179077148438,209.8968963623047,44.2454948425293,81.37664031982422,654.6973266601562,154.40316772460938,211.09535217285156,113.27166748046875,195.55372619628906,167.4565887451172,639.0136108398438,36.72315979003906,259.3640441894531,291.6331481933594,238.05642700195312,323.0516662597656,172.84568786621094,69.26406860351562,257.6798095703125,-0.0,104.87540435791016,-0.0,192.1735382080078,192.9449005126953,276.9274597167969,37.34819412231445,294.9983215332031,428.4713134765625,115.07734680175781,2002-06-09 00:00:00.000000
-0.0,161.38778686523438,57.14497375488281,86.9566421508789,196.01821899414062,636.5789184570312,317.5054931640625,132.85191345214844,543.2074584960938,315.0895080566406,195.16802978515625,174.1995391845703,70.98609924316406,78.83643341064453,100.83168029785156,146.11781311035156,445.494873046875,307.0462341308594,159.8748016357422,386.1219482421875,176.54710388183594,125.63809204101562,202.1143798828125,42.64088439941406,79.5424575805664,644.925048828125,148.29202270507812,203.05502319335938,110.56970977783203,186.65440368652344,163.8407745361328,628.8331298828125,36.332096099853516,251.083251953125,279.5058288574219,229.02687072753906,310.3707580566406,166.72947692871094,67.55329132080078,251.45790100097656,-0.0,103.4652328491211,-0.0,189.79441833496094,186.23855590820312,268.0513610839844,36.36114501953125,282.9945373535156,412.3812255859375,112.64092254638672,2002-06-19 00:00:00.000000
-0.0,156.0680694580078,55.65591049194336,83.69705963134766,188.3177032470703,613.1736450195312,306.79730224609375,130.17922973632812,535.0718994140625,304.6035461425781,190.0358123779297,167.6358642578125,68.30927276611328,75.97338104248047,97.31869506835938,143.76217651367188,434.88934326171875,295.67034912109375,157.69769287109375,371.093505859375,170.15760803222656,120.99930572509766,194.82489013671875,41.11580276489258,77.77561950683594,635.6036376953125,142.47637939453125,195.4150848388672,107.98404693603516,178.25634765625,160.4643096923828,618.9195556640625,35.90508270263672,243.1803741455078,268.05322265625,220.46231079101562,298.2620849609375,160.89537048339844,65.93424987792969,245.51588439941406,-0.0,102.04692077636719,-0.0,187.6196746826172,179.83082580566406,259.56488037109375,35.41815185546875,271.59844970703125,397.0761413574219,110.31904602050781,2002-06-29 00:00:00.000000
-0.0,150.99786376953125,54.2266960144043,80.58474731445312,181.03379821777344,590.8453979492188,296.610595703125,127.59984588623047,527.0599975585938,294.6078186035156,185.1032257080078,161.37461853027344,65.76448822021484,73.26520538330078,93.96693420410156,141.44068908691406,424.66668701171875,284.8345947265625,155.50865173339844,356.78778076171875,164.04977416992188,116.57076263427734,187.868896484375,39.664913177490234,76.07160186767578,626.544189453125,136.94639587402344,188.14834594726562,105.50305938720703,170.3255615234375,157.310302734375,609.3109130859375,35.446258544921875,235.6331024169922,257.22174072265625,212.32936096191406,286.9279479980469,155.31915283203125,64.41610717773438,239.8456268310547,-0.0,100.62751007080078,-0.0,185.61917114257812,173.7061767578125,251.44297790527344,34.515594482421875,260.7392578125,382.5301513671875,108.10337829589844,2002-07-09 00:00:00.000000
-0.0,146.1608428955078,52.854488372802734,77.61227416992188,174.13217163085938,569.5354614257812,286.9206848144531,125.1102523803711,519.1243286132812,285.0821228027344,180.36810302734375,155.39849853515625,63.34308624267578,70.67222595214844,90.76996612548828,139.1511688232422,414.7933044433594,274.4984436035156,153.3150634765625,343.1548767089844,158.23606872558594,112.34317016601562,181.20791625976562,38.28367614746094,74.42710876464844,617.610107421875,131.67776489257812,181.23446655273438,103.1203384399414,162.8273468017578,154.35520935058594,599.992919921875,34.96736145019531,228.4208221435547,246.96405029296875,204.59547424316406,276.2451477050781,149.98361206054688,62.97039794921875,234.44651794433594,-0.0,99.2098617553711,-0.0,183.7476043701172,167.84927368164062,243.66262817382812,33.65071105957031,250.42062377929688,368.719970703125,105.98726654052734,2002-07-19 00:00:00.000000
-0.0,141.54241943359375,51.53665542602539,74.7734146118164,167.5799560546875,549.1600341796875,277.6949157714844,122.70909881591797,511.2464904785156,276.0049743652344,175.82850646972656,149.69216918945312,61.03755187988281,68.17887878417969,87.72109985351562,136.89634704589844,405.2513732910156,264.6297302246094,151.1255340576172,330.15765380859375,152.69757080078125,108.3060073852539,174.8362274169922,36.96775436401367,72.84085083007812,608.7886352539062,126.65705108642578,174.6525115966797,100.8265380859375,155.61483764648438,151.56089782714844,590.9271240234375,34.47522735595703,221.52325439453125,237.24130249023438,197.23318481445312,266.06158447265625,144.8744354248047,61.585609436035156,229.2911834716797,-0.0,97.79488372802734,-0.0,181.95982360839844,162.24546813964844,236.20758056640625,32.822608947753906,240.6327667236328,355.59326171875,103.96343994140625,2002-07-29 00:00:00.000000
-0.0,137.13218688964844,50.27067947387695,72.06305694580078,161.35240173339844,529.6845092773438,268.9057312011719,120.39115905761719,503.4281921386719,267.3542785644531,171.477783203125,144.24156188964844,58.840660095214844,65.7341079711914,84.81349182128906,134.67874145507812,396.1109924316406,255.19540405273438,148.9435272216797,317.7626647949219,147.4180908203125,104.45156860351562,168.73487854003906,35.7132453918457,71.30982971191406,600.0995483398438,121.87240600585938,168.381103515625,98.6158447265625,148.82138061523438,148.91412353515625,582.1063842773438,33.97542190551758,214.92063903808594,228.01905822753906,190.21792602539062,256.35943603515625,139.97988891601562,60.257259368896484,224.35211181640625,-0.0,96.37840270996094,-0.0,180.2228546142578,156.88230895996094,229.062744140625,32.039127349853516,231.33909606933594,343.076904296875,102.0259780883789,2002-08-08 00:00:00.000000
-0.0,132.91799926757812,49.054019927978516,69.47787475585938,155.4327850341797,511.0802001953125,260.5353088378906,118.15243530273438,495.6798095703125,259.1084289550781,167.306640625,139.03656005859375,56.74580764770508,63.41974639892578,82.04034423828125,132.50054931640625,387.2912902832031,246.18447875976562,146.7729034423828,305.9443359375,142.37498474121094,100.76939392089844,162.89593505859375,34.51680374145508,69.83123016357422,591.5841064453125,117.31299591064453,162.40138244628906,96.48399353027344,142.62344360351562,146.4077911376953,573.4833984375,33.47288131713867,208.5973358154297,219.26620483398438,183.52931213378906,247.12094116210938,135.27151489257812,58.982547760009766,219.60760498046875,-0.0,94.96505737304688,-0.0,178.51239013671875,151.75009155273438,222.2137908935547,31.29254150390625,222.50338745117188,331.1307067871094,100.16914367675781,2002-08-18 00:00:00.000000
-0.0,128.88465881347656,47.88391876220703,67.00700378417969,149.78982543945312,493.2942199707031,252.5443115234375,115.98916625976562,488.01611328125,251.245849609375,163.30848693847656,134.0579071044922,54.74566650390625,61.23096466064453,79.3944320678711,130.3644561767578,378.760009765625,237.56973266601562,144.61761474609375,294.66021728515625,137.55323791503906,97.23543548583984,157.29776000976562,33.37399673461914,68.40226745605469,583.2424926757812,112.96031188964844,156.69512939453125,94.42674255371094,136.68736267089844,144.01095581054688,565.0475463867188,32.97394943237305,202.53369140625,210.93910217285156,177.13748168945312,238.3062744140625,130.7461700439453,57.75876235961914,215.02159118652344,-0.0,93.56730651855469,-0.0,176.81634521484375,146.83253479003906,215.64231872558594,30.577749252319336,214.07911682128906,319.706787109375,98.38502502441406,2002-08-28 00:00:00.000000
-0.0,125.02305603027344,46.757972717285156,64.64920043945312,144.41677856445312,476.2969665527344,244.92660522460938,113.89913940429688,480.4457092285156,243.74449157714844,159.474609375,129.29843139648438,52.82910919189453,59.14103317260742,76.86934661865234,128.2693634033203,370.4947814941406,229.33511352539062,142.48043823242188,283.8909912109375,132.94093322753906,93.84107208251953,151.9355010986328,32.28232192993164,67.02112579345703,575.0718383789062,108.80816650390625,151.2232208251953,92.44097137451172,131.0250244140625,141.70980834960938,556.802001953125,32.47836685180664,196.71665954589844,203.02699279785156,171.02906799316406,229.90260314941406,126.4058837890625,56.58317565917969,210.5613555908203,-0.0,92.18923950195312,-0.0,175.13710021972656,142.12191772460938,209.33531188964844,29.89101219177246,206.0557098388672,308.7821350097656,96.66852569580078,2002-09-07 00:00:00.000000
-0.0,121.32306671142578,45.67375946044922,62.396732330322266,139.29164123535156,460.0266418457031,237.6518096923828,111.87911224365234,472.9793395996094,236.58221435546875,155.7969970703125,124.74381256103516,50.99453353881836,57.144718170166016,74.45885467529297,126.21377563476562,362.4886474609375,221.4634552001953,140.36605834960938,273.60491943359375,128.52676391601562,90.59699249267578,146.7935028076172,31.238563537597656,65.68602752685547,566.9137573242188,104.8431167602539,145.97601318359375,90.5230712890625,125.63359832763672,139.49710083007812,548.7412109375,31.983793258666992,191.13092041015625,195.4911346435547,165.1895751953125,221.88027954101562,122.249267578125,55.45315933227539,206.2677764892578,-0.0,90.83194732666016,-0.0,173.469970703125,137.60549926757812,203.2797088623047,29.229604721069336,198.4032440185547,298.3167419433594,95.01631164550781,2002-09-17 00:00:00.000000
-0.0,117.77684783935547,44.62953567504883,60.24517822265625,134.40283203125,444.4473876953125,230.70167541503906,109.92568969726562,465.6590270996094,229.73944091796875,152.26983642578125,120.38446807861328,49.24284744262695,55.23693084716797,72.15696716308594,124.20181274414062,354.7367858886719,213.94139099121094,138.2636260986328,263.7791442871094,124.30020141601562,87.49978637695312,141.86366271972656,30.240392684936523,64.39521789550781,558.70263671875,101.05582427978516,140.96617126464844,88.6705093383789,120.50785064697266,137.36581420898438,540.86962890625,31.489267349243164,185.7650604248047,188.30494689941406,159.60768127441406,214.2173309326172,118.27000427246094,54.366607666015625,202.14935302734375,-0.0,89.49516296386719,-0.0,171.7885284423828,133.27450561523438,197.46591186523438,28.59175682067871,191.10446166992188,288.28643798828125,93.42356872558594,2002-09-27 00:00:00.000000
-0.0,114.3773422241211,43.62344741821289,58.19054412841797,129.73939514160156,429.530029296875,224.0595703125,108.03370666503906,458.46661376953125,223.19541931152344,148.8846435546875,116.21337890625,47.570430755615234,53.413230895996094,69.95801544189453,122.25457000732422,347.23095703125,206.75189208984375,136.17471313476562,254.3897705078125,120.25174713134766,84.5430908203125,137.14181518554688,29.285539627075195,63.14677429199219,550.445068359375,97.43937683105469,136.19691467285156,86.87975311279297,115.63785552978516,135.30545043945312,533.19873046875,30.995952606201172,180.60748291015625,181.4540557861328,154.26998901367188,206.8967742919922,114.39982604980469,53.319801330566406,198.19326782226562,-0.0,88.17749786376953,-0.0,170.07601928710938,129.1208953857422,191.88357543945312,27.975688934326172,184.14303588867188,278.6769714355469,91.88724517822266,2002-10-07 00:00:00.000000
-0.0,111.1138687133789,42.65350341796875,56.22454833984375,125.2806167602539,415.2312927246094,217.69796752929688,106.20003509521484,451.400634765625,216.93038940429688,145.65426635742188,112.216796875,45.97174835205078,51.668121337890625,67.8578872680664,120.37222290039062,339.973876953125,199.87709045410156,134.10458374023438,245.41249084472656,116.37152099609375,81.71636199951172,132.61004638671875,28.371007919311523,61.93873596191406,542.61865234375,93.980712890625,131.6431884765625,85.1473388671875,111.00690460205078,133.30828857421875,525.744873046875,30.525968551635742,175.64462280273438,174.91314697265625,149.15805053710938,199.89035034179688,110.67517852783203,52.31023406982422,194.38519287109375,-0.0,86.87783813476562,-0.0,168.340576171875,125.13199615478516,186.5187530517578,27.380090713500977,177.4886932373047,269.4615478515625,90.40367126464844,2002-10-17 00:00:00.000000
-0.0,107.98106384277344,41.71797180175781,54.344303131103516,121.01676940917969,401.539794921875,211.60789489746094,104.4222412109375,444.4531555175781,210.92788696289062,142.5495147705078,108.38725280761719,44.441959381103516,49.99710464477539,65.85112762451172,118.51374816894531,332.96392822265625,193.3033905029297,132.05686950683594,236.83181762695312,112.65101623535156,79.00981140136719,128.2393341064453,27.494976043701172,60.76961135864258,534.5344848632812,90.6730728149414,127.28665924072266,83.47062683105469,106.60161590576172,131.36492919921875,518.5032958984375,30.0902156829834,170.86827087402344,168.66793823242188,144.26048278808594,193.18667602539062,107.09217834472656,51.336219787597656,190.7039794921875,-0.0,85.59535217285156,-0.0,166.5956573486328,121.30242919921875,181.3625030517578,26.80396842956543,171.13063049316406,260.62933349609375,88.96758270263672,2002-10-27 00:00:00.000000
-0.0,104.97266387939453,40.81552505493164,52.54622268676758,116.9247055053711,388.4291076660156,205.77659606933594,102.69652557373047,437.6293029785156,205.17176818847656,139.55894470214844,104.71751403808594,42.976688385009766,48.3963737487793,63.93183135986328,116.68467712402344,326.1700439453125,187.01657104492188,130.03460693359375,228.62322998046875,109.0824966430664,76.34226989746094,124.03900909423828,26.65542984008789,59.637969970703125,526.3004760742188,87.50947570800781,123.11366271972656,81.84687042236328,102.40750885009766,129.48789978027344,511.4690246582031,29.652170181274414,166.2698974609375,162.70626831054688,139.5672607421875,186.7701873779297,103.66259765625,50.39617156982422,187.16348266601562,-0.0,84.33100128173828,-0.0,164.90380859375,117.62616729736328,176.40670776367188,26.24631118774414,165.05661010742188,252.16258239746094,87.57616424560547,2002-11-06 00:00:00.000000
-0.0,102.07999420166016,39.94489288330078,50.82243728637695,112.98515319824219,375.8575439453125,200.18296813964844,101.01949310302734,430.9359436035156,199.64657592773438,136.67523193359375,101.19635009765625,41.57270431518555,46.84867477416992,62.09486770629883,114.8877944946289,319.5855712890625,181.00213623046875,128.0404510498047,220.76278686523438,105.65782165527344,73.75804901123047,120.00324249267578,25.849945068359375,58.542423248291016,518.141357421875,84.4783935546875,119.11344146728516,80.27326202392578,98.41482543945312,127.69004821777344,504.625732421875,29.209285736083984,161.83851623535156,157.00596618652344,135.06443786621094,180.6165771484375,100.36522674560547,49.48857498168945,183.7576446533203,-0.0,83.08467102050781,-0.0,163.35081481933594,114.0922622680664,171.63987731933594,25.706188201904297,159.24252319335938,244.03652954101562,86.22693634033203,2002-11-16 00:00:00.000000
-0.0,99.29785919189453,39.10470199584961,49.171791076660156,109.1344985961914,363.80120849609375,194.81788635253906,99.38835144042969,424.3526611328125,194.33934020996094,133.89222717285156,97.81855010986328,40.226993560791016,45.30195617675781,60.335853576660156,113.12554168701172,313.2030334472656,175.24632263183594,126.0761947631836,213.23541259765625,102.37010192871094,71.29888153076172,116.13040161132812,25.077072143554688,57.48118209838867,510.4054870605469,81.57597351074219,115.27811431884766,78.74861145019531,94.61270904541016,125.9775161743164,497.93017578125,28.76641845703125,157.56777954101562,151.55726623535156,130.7449951171875,174.7180633544922,97.2017822265625,48.61426544189453,180.47300720214844,-0.0,81.85385131835938,-0.0,161.91099548339844,110.69596099853516,167.05418395996094,25.183185577392578,153.6794891357422,236.24021911621094,84.91798400878906,2002-11-26 00:00:00.000000
-0.0,96.61965942382812,38.29350662231445,47.590919494628906,105.38070678710938,352.23236083984375,189.6673583984375,97.80009460449219,417.894287109375,189.2364044189453,131.2041473388672,94.576904296875,38.9363899230957,43.83735656738281,58.650550842285156,111.40753936767578,307.0145263671875,169.7320556640625,124.14350128173828,206.01943969726562,99.21236419677734,68.98677825927734,112.41761016845703,24.335208892822266,56.452980041503906,502.8177490234375,78.79651641845703,111.59974670410156,77.2703628540039,90.98946380615234,124.34497833251953,491.4469909667969,28.322017669677734,153.4496612548828,146.34649658203125,126.60015106201172,169.06358337402344,94.17520141601562,47.767940521240234,177.29901123046875,-0.0,80.64459228515625,-0.0,160.4946746826172,107.43084716796875,162.63967895507812,24.676565170288086,148.3523406982422,228.75852966308594,83.64777374267578,2002-12-06 00:00:00.000000
-0.0,94.0402603149414,37.51017379760742,46.075645446777344,101.83078002929688,341.12188720703125,184.71826171875,96.25242614746094,411.5846862792969,184.3264617919922,128.60714721679688,91.46517181396484,37.69797134399414,42.44477462768555,57.03496551513672,109.72539520263672,301.0133056640625,164.44741821289062,122.24493408203125,199.10482788085938,96.1786880493164,66.7823257446289,108.85731506347656,23.62263298034668,55.45624923706055,495.283447265625,76.13316345214844,108.07042694091797,75.83647918701172,87.52657318115234,122.77435302734375,485.1611022949219,27.872024536132812,149.47715759277344,141.36244201660156,122.62147521972656,163.64015197753906,91.18426513671875,46.94832992553711,174.37734985351562,-0.0,79.45191192626953,-0.0,159.00997924804688,104.29086303710938,158.38890075683594,24.185510635375977,143.18905639648438,221.57424926757812,82.41468048095703,2002-12-16 00:00:00.000000
